job_title,ai_exposure_score,career_resilience_score,archetype,positioning_summary,top_strengths,top_exposure_areas,recommendations
"Accounts Payable Specialist",69,34,"Adaptive Builder","Real exposure in parts of how you work—clarity now prevents drift later.","Adaptability; Specialized Expertise; Human-Centered Skills","Routine Task Patterns; Partial Task Automation; Limited Creative Differentiation","Interdisciplinary Thinking; Strategic Communication; AI-Assisted Decision Making"
"Accounts Receivable Specialist",69,34,"Adaptive Builder","Real exposure in parts of how you work—clarity now prevents drift later.","Adaptability; Specialized Expertise; Human-Centered Skills","Routine Task Patterns; Partial Task Automation; Limited Creative Differentiation","Interdisciplinary Thinking; Strategic Communication; AI-Assisted Decision Making"
"Bookkeeper",69,34,"Adaptive Builder","Real exposure in parts of how you work—clarity now prevents drift later.","Adaptability; Specialized Expertise; Human-Centered Skills","Routine Task Patterns; Partial Task Automation; Limited Creative Differentiation","Interdisciplinary Thinking; Strategic Communication; AI-Assisted Decision Making"
"Payroll Specialist",69,34,"Adaptive Builder","Real exposure in parts of how you work—clarity now prevents drift later.","Adaptability; Specialized Expertise; Human-Centered Skills","Routine Task Patterns; Partial Task Automation; Limited Creative Differentiation","Interdisciplinary Thinking; Strategic Communication; AI-Assisted Decision Making"
"Legal Secretary",69,34,"Adaptive Builder","Real exposure in parts of how you work—clarity now prevents drift later.","Adaptability; Specialized Expertise; Human-Centered Skills","Routine Task Patterns; Partial Task Automation; Limited Creative Differentiation","Interdisciplinary Thinking; Strategic Communication; AI-Assisted Decision Making"
"Compliance Analyst",69,34,"Adaptive Builder","Real exposure in parts of how you work—clarity now prevents drift later.","Adaptability; Specialized Expertise; Human-Centered Skills","Routine Task Patterns; Partial Task Automation; Limited Creative Differentiation","Interdisciplinary Thinking; Strategic Communication; AI-Assisted Decision Making"
"Contract Administrator",69,34,"Adaptive Builder","Real exposure in parts of how you work—clarity now prevents drift later.","Adaptability; Specialized Expertise; Human-Centered Skills","Routine Task Patterns; Partial Task Automation; Limited Creative Differentiation","Interdisciplinary Thinking; Strategic Communication; AI-Assisted Decision Making"
"Junior QA Tester",69,34,"Adaptive Builder","Real exposure in parts of how you work—clarity now prevents drift later.","Adaptability; Specialized Expertise; Human-Centered Skills","Routine Task Patterns; Partial Task Automation; Limited Creative Differentiation","Interdisciplinary Thinking; Strategic Communication; AI-Assisted Decision Making"
"Manual Test Analyst",69,34,"Adaptive Builder","Real exposure in parts of how you work—clarity now prevents drift later.","Adaptability; Specialized Expertise; Human-Centered Skills","Routine Task Patterns; Partial Task Automation; Limited Creative Differentiation","Interdisciplinary Thinking; Strategic Communication; AI-Assisted Decision Making"
"Technical Support Specialist",69,34,"Adaptive Builder","Real exposure in parts of how you work—clarity now prevents drift later.","Adaptability; Specialized Expertise; Human-Centered Skills","Routine Task Patterns; Partial Task Automation; Limited Creative Differentiation","Interdisciplinary Thinking; Strategic Communication; AI-Assisted Decision Making"
"Implementation Specialist",69,34,"Adaptive Builder","Real exposure in parts of how you work—clarity now prevents drift later.","Adaptability; Specialized Expertise; Human-Centered Skills","Routine Task Patterns; Partial Task Automation; Limited Creative Differentiation","Interdisciplinary Thinking; Strategic Communication; AI-Assisted Decision Making"
"IT Helpdesk Analyst",69,34,"Adaptive Builder","Real exposure in parts of how you work—clarity now prevents drift later.","Adaptability; Specialized Expertise; Human-Centered Skills","Routine Task Patterns; Partial Task Automation; Limited Creative Differentiation","Interdisciplinary Thinking; Strategic Communication; AI-Assisted Decision Making"
"CNC Machinist",69,34,"Adaptive Builder","Real exposure in parts of how you work—clarity now prevents drift later.","Adaptability; Specialized Expertise; Human-Centered Skills","Routine Task Patterns; Partial Task Automation; Limited Creative Differentiation","Interdisciplinary Thinking; Strategic Communication; AI-Assisted Decision Making"
"Assembly Line Operator",69,34,"Adaptive Builder","Real exposure in parts of how you work—clarity now prevents drift later.","Adaptability; Specialized Expertise; Human-Centered Skills","Routine Task Patterns; Partial Task Automation; Limited Creative Differentiation","Interdisciplinary Thinking; Strategic Communication; AI-Assisted Decision Making"
"Warehouse Equipment Operator",69,34,"Adaptive Builder","Real exposure in parts of how you work—clarity now prevents drift later.","Adaptability; Specialized Expertise; Human-Centered Skills","Routine Task Patterns; Partial Task Automation; Limited Creative Differentiation","Interdisciplinary Thinking; Strategic Communication; AI-Assisted Decision Making"
"Quality Inspection Technician",69,34,"Adaptive Builder","Real exposure in parts of how you work—clarity now prevents drift later.","Adaptability; Specialized Expertise; Human-Centered Skills","Routine Task Patterns; Partial Task Automation; Limited Creative Differentiation","Interdisciplinary Thinking; Strategic Communication; AI-Assisted Decision Making"
"Logistics Coordinator",69,34,"Adaptive Builder","Real exposure in parts of how you work—clarity now prevents drift later.","Adaptability; Specialized Expertise; Human-Centered Skills","Routine Task Patterns; Partial Task Automation; Limited Creative Differentiation","Interdisciplinary Thinking; Strategic Communication; AI-Assisted Decision Making"
"Supply Chain Planner",69,34,"Adaptive Builder","Real exposure in parts of how you work—clarity now prevents drift later.","Adaptability; Specialized Expertise; Human-Centered Skills","Routine Task Patterns; Partial Task Automation; Limited Creative Differentiation","Interdisciplinary Thinking; Strategic Communication; AI-Assisted Decision Making"
"Dispatch Coordinator",69,34,"Adaptive Builder","Real exposure in parts of how you work—clarity now prevents drift later.","Adaptability; Specialized Expertise; Human-Centered Skills","Routine Task Patterns; Partial Task Automation; Limited Creative Differentiation","Interdisciplinary Thinking; Strategic Communication; AI-Assisted Decision Making"
"Inventory Planner",69,34,"Adaptive Builder","Real exposure in parts of how you work—clarity now prevents drift later.","Adaptability; Specialized Expertise; Human-Centered Skills","Routine Task Patterns; Partial Task Automation; Limited Creative Differentiation","Interdisciplinary Thinking; Strategic Communication; AI-Assisted Decision Making"
"Procurement Analyst",69,34,"Adaptive Builder","Real exposure in parts of how you work—clarity now prevents drift later.","Adaptability; Specialized Expertise; Human-Centered Skills","Routine Task Patterns; Partial Task Automation; Limited Creative Differentiation","Interdisciplinary Thinking; Strategic Communication; AI-Assisted Decision Making"
"Data Entry Clerk",69,34,"Adaptive Builder","Real exposure in parts of how you work—clarity now prevents drift later.","Adaptability; Specialized Expertise; Human-Centered Skills","Routine Task Patterns; Partial Task Automation; Limited Creative Differentiation","Interdisciplinary Thinking; Strategic Communication; AI-Assisted Decision Making"
"Administrative Assistant",69,34,"Adaptive Builder","Real exposure in parts of how you work—clarity now prevents drift later.","Adaptability; Specialized Expertise; Human-Centered Skills","Routine Task Patterns; Partial Task Automation; Limited Creative Differentiation","Interdisciplinary Thinking; Strategic Communication; AI-Assisted Decision Making"
"Receptionist",69,34,"Adaptive Builder","Real exposure in parts of how you work—clarity now prevents drift later.","Adaptability; Specialized Expertise; Human-Centered Skills","Routine Task Patterns; Partial Task Automation; Limited Creative Differentiation","Interdisciplinary Thinking; Strategic Communication; AI-Assisted Decision Making"
"Scheduling Coordinator",69,34,"Adaptive Builder","Real exposure in parts of how you work—clarity now prevents drift later.","Adaptability; Specialized Expertise; Human-Centered Skills","Routine Task Patterns; Partial Task Automation; Limited Creative Differentiation","Interdisciplinary Thinking; Strategic Communication; AI-Assisted Decision Making"
"Tax Accountant",52,51,"Measured Navigator","Your positioning is still forming—a calm map of where you stand, not a verdict.","Specialized Expertise; Human-Centered Skills; Contextual Judgment","Routine Task Patterns; Limited Creative Differentiation; Partial Task Automation","Interdisciplinary Thinking; Strategic Communication; AI-Assisted Decision Making"
"Audit Associate",52,51,"Measured Navigator","Your positioning is still forming—a calm map of where you stand, not a verdict.","Specialized Expertise; Human-Centered Skills; Contextual Judgment","Routine Task Patterns; Limited Creative Differentiation; Partial Task Automation","Interdisciplinary Thinking; Strategic Communication; AI-Assisted Decision Making"
"Budget Analyst",52,51,"Measured Navigator","Your positioning is still forming—a calm map of where you stand, not a verdict.","Specialized Expertise; Human-Centered Skills; Contextual Judgment","Routine Task Patterns; Limited Creative Differentiation; Partial Task Automation","Interdisciplinary Thinking; Strategic Communication; AI-Assisted Decision Making"
"Treasury Analyst",52,51,"Measured Navigator","Your positioning is still forming—a calm map of where you stand, not a verdict.","Specialized Expertise; Human-Centered Skills; Contextual Judgment","Routine Task Patterns; Limited Creative Differentiation; Partial Task Automation","Interdisciplinary Thinking; Strategic Communication; AI-Assisted Decision Making"
"Credit Analyst",52,51,"Measured Navigator","Your positioning is still forming—a calm map of where you stand, not a verdict.","Specialized Expertise; Human-Centered Skills; Contextual Judgment","Routine Task Patterns; Limited Creative Differentiation; Partial Task Automation","Interdisciplinary Thinking; Strategic Communication; AI-Assisted Decision Making"
"Revenue Operations Analyst",52,51,"Measured Navigator","Your positioning is still forming—a calm map of where you stand, not a verdict.","Specialized Expertise; Human-Centered Skills; Contextual Judgment","Routine Task Patterns; Limited Creative Differentiation; Partial Task Automation","Interdisciplinary Thinking; Strategic Communication; AI-Assisted Decision Making"
"Contract Paralegal",52,51,"Measured Navigator","Your positioning is still forming—a calm map of where you stand, not a verdict.","Specialized Expertise; Human-Centered Skills; Contextual Judgment","Routine Task Patterns; Limited Creative Differentiation; Partial Task Automation","Interdisciplinary Thinking; Strategic Communication; AI-Assisted Decision Making"
"Litigation Paralegal",52,51,"Measured Navigator","Your positioning is still forming—a calm map of where you stand, not a verdict.","Specialized Expertise; Human-Centered Skills; Contextual Judgment","Routine Task Patterns; Limited Creative Differentiation; Partial Task Automation","Interdisciplinary Thinking; Strategic Communication; AI-Assisted Decision Making"
"Regulatory Compliance Officer",52,51,"Measured Navigator","Your positioning is still forming—a calm map of where you stand, not a verdict.","Specialized Expertise; Human-Centered Skills; Contextual Judgment","Routine Task Patterns; Limited Creative Differentiation; Partial Task Automation","Interdisciplinary Thinking; Strategic Communication; AI-Assisted Decision Making"
"Corporate Governance Analyst",52,51,"Measured Navigator","Your positioning is still forming—a calm map of where you stand, not a verdict.","Specialized Expertise; Human-Centered Skills; Contextual Judgment","Routine Task Patterns; Limited Creative Differentiation; Partial Task Automation","Interdisciplinary Thinking; Strategic Communication; AI-Assisted Decision Making"
"Privacy Compliance Specialist",52,51,"Measured Navigator","Your positioning is still forming—a calm map of where you stand, not a verdict.","Specialized Expertise; Human-Centered Skills; Contextual Judgment","Routine Task Patterns; Limited Creative Differentiation; Partial Task Automation","Interdisciplinary Thinking; Strategic Communication; AI-Assisted Decision Making"
"Data Annotation Specialist",52,51,"Measured Navigator","Your positioning is still forming—a calm map of where you stand, not a verdict.","Specialized Expertise; Human-Centered Skills; Contextual Judgment","Routine Task Patterns; Limited Creative Differentiation; Partial Task Automation","Interdisciplinary Thinking; Strategic Communication; AI-Assisted Decision Making"
"BI Reporting Analyst",52,51,"Measured Navigator","Your positioning is still forming—a calm map of where you stand, not a verdict.","Specialized Expertise; Human-Centered Skills; Contextual Judgment","Routine Task Patterns; Limited Creative Differentiation; Partial Task Automation","Interdisciplinary Thinking; Strategic Communication; AI-Assisted Decision Making"
"SQL Analyst",52,51,"Measured Navigator","Your positioning is still forming—a calm map of where you stand, not a verdict.","Specialized Expertise; Human-Centered Skills; Contextual Judgment","Routine Task Patterns; Limited Creative Differentiation; Partial Task Automation","Interdisciplinary Thinking; Strategic Communication; AI-Assisted Decision Making"
"Data Quality Analyst",52,51,"Measured Navigator","Your positioning is still forming—a calm map of where you stand, not a verdict.","Specialized Expertise; Human-Centered Skills; Contextual Judgment","Routine Task Patterns; Limited Creative Differentiation; Partial Task Automation","Interdisciplinary Thinking; Strategic Communication; AI-Assisted Decision Making"
"HR Analyst",52,51,"Measured Navigator","Your positioning is still forming—a calm map of where you stand, not a verdict.","Specialized Expertise; Human-Centered Skills; Contextual Judgment","Routine Task Patterns; Limited Creative Differentiation; Partial Task Automation","Interdisciplinary Thinking; Strategic Communication; AI-Assisted Decision Making"
"Payroll HR Specialist",52,51,"Measured Navigator","Your positioning is still forming—a calm map of where you stand, not a verdict.","Specialized Expertise; Human-Centered Skills; Contextual Judgment","Routine Task Patterns; Limited Creative Differentiation; Partial Task Automation","Interdisciplinary Thinking; Strategic Communication; AI-Assisted Decision Making"
"Compensation Analyst",52,51,"Measured Navigator","Your positioning is still forming—a calm map of where you stand, not a verdict.","Specialized Expertise; Human-Centered Skills; Contextual Judgment","Routine Task Patterns; Limited Creative Differentiation; Partial Task Automation","Interdisciplinary Thinking; Strategic Communication; AI-Assisted Decision Making"
"Learning and Development Specialist",52,51,"Measured Navigator","Your positioning is still forming—a calm map of where you stand, not a verdict.","Specialized Expertise; Human-Centered Skills; Contextual Judgment","Routine Task Patterns; Limited Creative Differentiation; Partial Task Automation","Interdisciplinary Thinking; Strategic Communication; AI-Assisted Decision Making"
"Sales Development Representative",48,55,"Measured Navigator","Your positioning is still forming—a calm map of where you stand, not a verdict.","Human-Centered Skills; Adaptability; Contextual Judgment","Routine Task Patterns; Partial Task Automation; Industry Transformation Pace","Interdisciplinary Thinking; Strategic Communication; AI-Assisted Decision Making"
"Inside Sales Representative",48,55,"Measured Navigator","Your positioning is still forming—a calm map of where you stand, not a verdict.","Human-Centered Skills; Adaptability; Contextual Judgment","Routine Task Patterns; Partial Task Automation; Industry Transformation Pace","Interdisciplinary Thinking; Strategic Communication; AI-Assisted Decision Making"
"Sales Operations Coordinator",48,55,"Measured Navigator","Your positioning is still forming—a calm map of where you stand, not a verdict.","Human-Centered Skills; Adaptability; Contextual Judgment","Routine Task Patterns; Partial Task Automation; Industry Transformation Pace","Interdisciplinary Thinking; Strategic Communication; AI-Assisted Decision Making"
"Lead Generation Specialist",48,55,"Measured Navigator","Your positioning is still forming—a calm map of where you stand, not a verdict.","Human-Centered Skills; Adaptability; Contextual Judgment","Routine Task Patterns; Partial Task Automation; Industry Transformation Pace","Interdisciplinary Thinking; Strategic Communication; AI-Assisted Decision Making"
"Database Administrator",46,57,"Systems-Oriented Thinker","Your positioning is still forming—a calm map of where you stand, not a verdict.","Specialized Expertise; Contextual Judgment; Strategic Thinking","Reduced Interpersonal Dependency; Industry Transformation Pace; Routine Task Patterns","Strategic Communication; AI-Assisted Decision Making; Complex Problem-Solving"
"Platform Engineer",46,57,"Systems-Oriented Thinker","Your positioning is still forming—a calm map of where you stand, not a verdict.","Specialized Expertise; Contextual Judgment; Strategic Thinking","Reduced Interpersonal Dependency; Industry Transformation Pace; Routine Task Patterns","Strategic Communication; AI-Assisted Decision Making; Complex Problem-Solving"
"Infrastructure Engineer",46,57,"Systems-Oriented Thinker","Your positioning is still forming—a calm map of where you stand, not a verdict.","Specialized Expertise; Contextual Judgment; Strategic Thinking","Reduced Interpersonal Dependency; Industry Transformation Pace; Routine Task Patterns","Strategic Communication; AI-Assisted Decision Making; Complex Problem-Solving"
"Enterprise Architect",46,57,"Systems-Oriented Thinker","Your positioning is still forming—a calm map of where you stand, not a verdict.","Specialized Expertise; Contextual Judgment; Strategic Thinking","Reduced Interpersonal Dependency; Industry Transformation Pace; Routine Task Patterns","Strategic Communication; AI-Assisted Decision Making; Complex Problem-Solving"
"Embedded Systems Engineer",46,57,"Systems-Oriented Thinker","Your positioning is still forming—a calm map of where you stand, not a verdict.","Specialized Expertise; Contextual Judgment; Strategic Thinking","Reduced Interpersonal Dependency; Industry Transformation Pace; Routine Task Patterns","Strategic Communication; AI-Assisted Decision Making; Complex Problem-Solving"
"Mechanical Engineer",46,57,"Systems-Oriented Thinker","Your positioning is still forming—a calm map of where you stand, not a verdict.","Specialized Expertise; Contextual Judgment; Strategic Thinking","Reduced Interpersonal Dependency; Industry Transformation Pace; Routine Task Patterns","Strategic Communication; AI-Assisted Decision Making; Complex Problem-Solving"
"Electrical Engineer",46,57,"Systems-Oriented Thinker","Your positioning is still forming—a calm map of where you stand, not a verdict.","Specialized Expertise; Contextual Judgment; Strategic Thinking","Reduced Interpersonal Dependency; Industry Transformation Pace; Routine Task Patterns","Strategic Communication; AI-Assisted Decision Making; Complex Problem-Solving"
"Civil Engineer",46,57,"Systems-Oriented Thinker","Your positioning is still forming—a calm map of where you stand, not a verdict.","Specialized Expertise; Contextual Judgment; Strategic Thinking","Reduced Interpersonal Dependency; Industry Transformation Pace; Routine Task Patterns","Strategic Communication; AI-Assisted Decision Making; Complex Problem-Solving"
"Process Engineer",46,57,"Systems-Oriented Thinker","Your positioning is still forming—a calm map of where you stand, not a verdict.","Specialized Expertise; Contextual Judgment; Strategic Thinking","Reduced Interpersonal Dependency; Industry Transformation Pace; Routine Task Patterns","Strategic Communication; AI-Assisted Decision Making; Complex Problem-Solving"
"Manufacturing Engineer",46,57,"Systems-Oriented Thinker","Your positioning is still forming—a calm map of where you stand, not a verdict.","Specialized Expertise; Contextual Judgment; Strategic Thinking","Reduced Interpersonal Dependency; Industry Transformation Pace; Routine Task Patterns","Strategic Communication; AI-Assisted Decision Making; Complex Problem-Solving"
"Research Engineer",46,57,"Systems-Oriented Thinker","Your positioning is still forming—a calm map of where you stand, not a verdict.","Specialized Expertise; Contextual Judgment; Strategic Thinking","Reduced Interpersonal Dependency; Industry Transformation Pace; Routine Task Patterns","Strategic Communication; AI-Assisted Decision Making; Complex Problem-Solving"
"Laboratory Research Scientist",46,57,"Systems-Oriented Thinker","Your positioning is still forming—a calm map of where you stand, not a verdict.","Specialized Expertise; Contextual Judgment; Strategic Thinking","Reduced Interpersonal Dependency; Industry Transformation Pace; Routine Task Patterns","Strategic Communication; AI-Assisted Decision Making; Complex Problem-Solving"
"Biostatistician",46,57,"Systems-Oriented Thinker","Your positioning is still forming—a calm map of where you stand, not a verdict.","Specialized Expertise; Contextual Judgment; Strategic Thinking","Reduced Interpersonal Dependency; Industry Transformation Pace; Routine Task Patterns","Strategic Communication; AI-Assisted Decision Making; Complex Problem-Solving"
"Materials Scientist",46,57,"Systems-Oriented Thinker","Your positioning is still forming—a calm map of where you stand, not a verdict.","Specialized Expertise; Contextual Judgment; Strategic Thinking","Reduced Interpersonal Dependency; Industry Transformation Pace; Routine Task Patterns","Strategic Communication; AI-Assisted Decision Making; Complex Problem-Solving"
"Team Lead",45,57,"Measured Navigator","Your positioning is still forming—a calm map of where you stand, not a verdict.","Human-Centered Skills; Contextual Judgment; Adaptability","Routine Task Patterns; Limited Creative Differentiation","Interdisciplinary Thinking; Strategic Communication; AI-Assisted Decision Making"
"Office Manager",45,57,"Measured Navigator","Your positioning is still forming—a calm map of where you stand, not a verdict.","Human-Centered Skills; Contextual Judgment; Adaptability","Routine Task Patterns; Limited Creative Differentiation","Interdisciplinary Thinking; Strategic Communication; AI-Assisted Decision Making"
"Service Delivery Manager",45,57,"Measured Navigator","Your positioning is still forming—a calm map of where you stand, not a verdict.","Human-Centered Skills; Contextual Judgment; Adaptability","Routine Task Patterns; Limited Creative Differentiation","Interdisciplinary Thinking; Strategic Communication; AI-Assisted Decision Making"
"Practice Manager",45,57,"Measured Navigator","Your positioning is still forming—a calm map of where you stand, not a verdict.","Human-Centered Skills; Contextual Judgment; Adaptability","Routine Task Patterns; Limited Creative Differentiation","Interdisciplinary Thinking; Strategic Communication; AI-Assisted Decision Making"
"Medical Coder",45,57,"Measured Navigator","Your positioning is still forming—a calm map of where you stand, not a verdict.","Human-Centered Skills; Contextual Judgment; Adaptability","Routine Task Patterns; Limited Creative Differentiation","Interdisciplinary Thinking; Strategic Communication; AI-Assisted Decision Making"
"Health Information Manager",45,57,"Measured Navigator","Your positioning is still forming—a calm map of where you stand, not a verdict.","Human-Centered Skills; Contextual Judgment; Adaptability","Routine Task Patterns; Limited Creative Differentiation","Interdisciplinary Thinking; Strategic Communication; AI-Assisted Decision Making"
"Care Coordinator",45,57,"Measured Navigator","Your positioning is still forming—a calm map of where you stand, not a verdict.","Human-Centered Skills; Contextual Judgment; Adaptability","Routine Task Patterns; Limited Creative Differentiation","Interdisciplinary Thinking; Strategic Communication; AI-Assisted Decision Making"
"Nurse Practitioner",45,57,"Measured Navigator","Your positioning is still forming—a calm map of where you stand, not a verdict.","Human-Centered Skills; Contextual Judgment; Adaptability","Routine Task Patterns; Limited Creative Differentiation","Interdisciplinary Thinking; Strategic Communication; AI-Assisted Decision Making"
"Public Health Nurse",45,57,"Measured Navigator","Your positioning is still forming—a calm map of where you stand, not a verdict.","Human-Centered Skills; Contextual Judgment; Adaptability","Routine Task Patterns; Limited Creative Differentiation","Interdisciplinary Thinking; Strategic Communication; AI-Assisted Decision Making"
"University Lecturer",45,57,"Measured Navigator","Your positioning is still forming—a calm map of where you stand, not a verdict.","Human-Centered Skills; Contextual Judgment; Adaptability","Routine Task Patterns; Limited Creative Differentiation","Interdisciplinary Thinking; Strategic Communication; AI-Assisted Decision Making"
"School Principal",45,57,"Measured Navigator","Your positioning is still forming—a calm map of where you stand, not a verdict.","Human-Centered Skills; Contextual Judgment; Adaptability","Routine Task Patterns; Limited Creative Differentiation","Interdisciplinary Thinking; Strategic Communication; AI-Assisted Decision Making"
"Corporate Trainer",45,57,"Measured Navigator","Your positioning is still forming—a calm map of where you stand, not a verdict.","Human-Centered Skills; Contextual Judgment; Adaptability","Routine Task Patterns; Limited Creative Differentiation","Interdisciplinary Thinking; Strategic Communication; AI-Assisted Decision Making"
"Education Program Manager",45,57,"Measured Navigator","Your positioning is still forming—a calm map of where you stand, not a verdict.","Human-Centered Skills; Contextual Judgment; Adaptability","Routine Task Patterns; Limited Creative Differentiation","Interdisciplinary Thinking; Strategic Communication; AI-Assisted Decision Making"
"Electrician",45,57,"Measured Navigator","Your positioning is still forming—a calm map of where you stand, not a verdict.","Contextual Judgment; Specialized Expertise; Adaptability","Routine Task Patterns; Limited Creative Differentiation; Reduced Interpersonal Dependency","Interdisciplinary Thinking; Strategic Communication; AI-Assisted Decision Making"
"HVAC Technician",45,57,"Measured Navigator","Your positioning is still forming—a calm map of where you stand, not a verdict.","Contextual Judgment; Specialized Expertise; Adaptability","Routine Task Patterns; Limited Creative Differentiation; Reduced Interpersonal Dependency","Interdisciplinary Thinking; Strategic Communication; AI-Assisted Decision Making"
"Plumber",45,57,"Measured Navigator","Your positioning is still forming—a calm map of where you stand, not a verdict.","Contextual Judgment; Specialized Expertise; Adaptability","Routine Task Patterns; Limited Creative Differentiation; Reduced Interpersonal Dependency","Interdisciplinary Thinking; Strategic Communication; AI-Assisted Decision Making"
"Automotive Technician",45,57,"Measured Navigator","Your positioning is still forming—a calm map of where you stand, not a verdict.","Contextual Judgment; Specialized Expertise; Adaptability","Routine Task Patterns; Limited Creative Differentiation; Reduced Interpersonal Dependency","Interdisciplinary Thinking; Strategic Communication; AI-Assisted Decision Making"
"Procurement Specialist",45,57,"Measured Navigator","Your positioning is still forming—a calm map of where you stand, not a verdict.","Human-Centered Skills; Contextual Judgment; Adaptability","Routine Task Patterns; Limited Creative Differentiation","Interdisciplinary Thinking; Strategic Communication; AI-Assisted Decision Making"
"Warehouse Manager",45,57,"Measured Navigator","Your positioning is still forming—a calm map of where you stand, not a verdict.","Human-Centered Skills; Contextual Judgment; Adaptability","Routine Task Patterns; Limited Creative Differentiation","Interdisciplinary Thinking; Strategic Communication; AI-Assisted Decision Making"
"Distribution Manager",45,57,"Measured Navigator","Your positioning is still forming—a calm map of where you stand, not a verdict.","Human-Centered Skills; Contextual Judgment; Adaptability","Routine Task Patterns; Limited Creative Differentiation","Interdisciplinary Thinking; Strategic Communication; AI-Assisted Decision Making"
"Fleet Manager",45,57,"Measured Navigator","Your positioning is still forming—a calm map of where you stand, not a verdict.","Human-Centered Skills; Contextual Judgment; Adaptability","Routine Task Patterns; Limited Creative Differentiation","Interdisciplinary Thinking; Strategic Communication; AI-Assisted Decision Making"
"Operations Coordinator",45,57,"Measured Navigator","Your positioning is still forming—a calm map of where you stand, not a verdict.","Human-Centered Skills; Contextual Judgment; Adaptability","Routine Task Patterns; Limited Creative Differentiation","Interdisciplinary Thinking; Strategic Communication; AI-Assisted Decision Making"
"Case Management Assistant",45,57,"Measured Navigator","Your positioning is still forming—a calm map of where you stand, not a verdict.","Human-Centered Skills; Contextual Judgment; Adaptability","Routine Task Patterns; Limited Creative Differentiation","Interdisciplinary Thinking; Strategic Communication; AI-Assisted Decision Making"
"Project Coordinator",45,57,"Measured Navigator","Your positioning is still forming—a calm map of where you stand, not a verdict.","Human-Centered Skills; Contextual Judgment; Adaptability","Routine Task Patterns; Limited Creative Differentiation","Interdisciplinary Thinking; Strategic Communication; AI-Assisted Decision Making"
"Documentation Specialist",45,57,"Measured Navigator","Your positioning is still forming—a calm map of where you stand, not a verdict.","Human-Centered Skills; Contextual Judgment; Adaptability","Routine Task Patterns; Limited Creative Differentiation","Interdisciplinary Thinking; Strategic Communication; AI-Assisted Decision Making"
"Policy Analyst",45,57,"Measured Navigator","Your positioning is still forming—a calm map of where you stand, not a verdict.","Human-Centered Skills; Contextual Judgment; Adaptability","Routine Task Patterns; Limited Creative Differentiation","Interdisciplinary Thinking; Strategic Communication; AI-Assisted Decision Making"
"Public Administration Officer",45,57,"Measured Navigator","Your positioning is still forming—a calm map of where you stand, not a verdict.","Human-Centered Skills; Contextual Judgment; Adaptability","Routine Task Patterns; Limited Creative Differentiation","Interdisciplinary Thinking; Strategic Communication; AI-Assisted Decision Making"
"Emergency Management Coordinator",45,57,"Measured Navigator","Your positioning is still forming—a calm map of where you stand, not a verdict.","Human-Centered Skills; Contextual Judgment; Adaptability","Routine Task Patterns; Limited Creative Differentiation","Interdisciplinary Thinking; Strategic Communication; AI-Assisted Decision Making"
"Instructional Designer",41,63,"Creative Synthesizer","Your positioning is still forming—a calm map of where you stand, not a verdict.","Creative Problem-Solving; Adaptability; Strategic Thinking","Industry Transformation Pace; Partial Task Automation","Strategic Communication; AI-Assisted Decision Making; Complex Problem-Solving"
"Curriculum Designer",41,63,"Creative Synthesizer","Your positioning is still forming—a calm map of where you stand, not a verdict.","Creative Problem-Solving; Adaptability; Strategic Thinking","Industry Transformation Pace; Partial Task Automation","Strategic Communication; AI-Assisted Decision Making; Complex Problem-Solving"
"Learning Experience Designer",41,63,"Creative Synthesizer","Your positioning is still forming—a calm map of where you stand, not a verdict.","Creative Problem-Solving; Adaptability; Strategic Thinking","Industry Transformation Pace; Partial Task Automation","Strategic Communication; AI-Assisted Decision Making; Complex Problem-Solving"
"Educational Content Developer",41,63,"Creative Synthesizer","Your positioning is still forming—a calm map of where you stand, not a verdict.","Creative Problem-Solving; Adaptability; Strategic Thinking","Industry Transformation Pace; Partial Task Automation","Strategic Communication; AI-Assisted Decision Making; Complex Problem-Solving"
"Graphic Designer",41,63,"Creative Synthesizer","Your positioning is still forming—a calm map of where you stand, not a verdict.","Creative Problem-Solving; Adaptability; Strategic Thinking","Industry Transformation Pace; Partial Task Automation","Strategic Communication; AI-Assisted Decision Making; Complex Problem-Solving"
"Marketing Copywriter",41,63,"Creative Synthesizer","Your positioning is still forming—a calm map of where you stand, not a verdict.","Creative Problem-Solving; Adaptability; Strategic Thinking","Industry Transformation Pace; Partial Task Automation","Strategic Communication; AI-Assisted Decision Making; Complex Problem-Solving"
"Content Strategist",41,63,"Creative Synthesizer","Your positioning is still forming—a calm map of where you stand, not a verdict.","Creative Problem-Solving; Adaptability; Strategic Thinking","Industry Transformation Pace; Partial Task Automation","Strategic Communication; AI-Assisted Decision Making; Complex Problem-Solving"
"Brand Designer",41,63,"Creative Synthesizer","Your positioning is still forming—a calm map of where you stand, not a verdict.","Creative Problem-Solving; Adaptability; Strategic Thinking","Industry Transformation Pace; Partial Task Automation","Strategic Communication; AI-Assisted Decision Making; Complex Problem-Solving"
"Video Producer",41,63,"Creative Synthesizer","Your positioning is still forming—a calm map of where you stand, not a verdict.","Creative Problem-Solving; Adaptability; Strategic Thinking","Industry Transformation Pace; Partial Task Automation","Strategic Communication; AI-Assisted Decision Making; Complex Problem-Solving"
"AI Research Scientist",41,62,"Systems-Oriented Thinker","Your positioning is still forming—a calm map of where you stand, not a verdict.","Contextual Judgment; Adaptability; Strategic Thinking","Industry Transformation Pace; Reduced Interpersonal Dependency; Routine Task Patterns","Strategic Communication; AI-Assisted Decision Making; Complex Problem-Solving"
"Applied Scientist",41,62,"Systems-Oriented Thinker","Your positioning is still forming—a calm map of where you stand, not a verdict.","Contextual Judgment; Adaptability; Strategic Thinking","Industry Transformation Pace; Reduced Interpersonal Dependency; Routine Task Patterns","Strategic Communication; AI-Assisted Decision Making; Complex Problem-Solving"
"Quantitative Researcher",41,62,"Systems-Oriented Thinker","Your positioning is still forming—a calm map of where you stand, not a verdict.","Contextual Judgment; Adaptability; Strategic Thinking","Industry Transformation Pace; Reduced Interpersonal Dependency; Routine Task Patterns","Strategic Communication; AI-Assisted Decision Making; Complex Problem-Solving"
"Computer Vision Engineer",41,62,"Systems-Oriented Thinker","Your positioning is still forming—a calm map of where you stand, not a verdict.","Contextual Judgment; Adaptability; Strategic Thinking","Industry Transformation Pace; Reduced Interpersonal Dependency; Routine Task Patterns","Strategic Communication; AI-Assisted Decision Making; Complex Problem-Solving"
"Behavioral Scientist",41,62,"Systems-Oriented Thinker","Your positioning is still forming—a calm map of where you stand, not a verdict.","Contextual Judgment; Adaptability; Strategic Thinking","Industry Transformation Pace; Reduced Interpersonal Dependency; Routine Task Patterns","Strategic Communication; AI-Assisted Decision Making; Complex Problem-Solving"
"Policy Research Analyst",41,62,"Systems-Oriented Thinker","Your positioning is still forming—a calm map of where you stand, not a verdict.","Contextual Judgment; Adaptability; Strategic Thinking","Industry Transformation Pace; Reduced Interpersonal Dependency; Routine Task Patterns","Strategic Communication; AI-Assisted Decision Making; Complex Problem-Solving"
"UX Researcher",41,62,"Systems-Oriented Thinker","Your positioning is still forming—a calm map of where you stand, not a verdict.","Contextual Judgment; Adaptability; Strategic Thinking","Industry Transformation Pace; Reduced Interpersonal Dependency; Routine Task Patterns","Strategic Communication; AI-Assisted Decision Making; Complex Problem-Solving"
"Senior Software Engineer",40,64,"Adaptive Builder","Your positioning is still forming—a calm map of where you stand, not a verdict.","Adaptability; Contextual Judgment; Strategic Thinking","Industry Transformation Pace; Partial Task Automation; Routine Task Patterns","Strategic Communication; AI-Assisted Decision Making; Complex Problem-Solving"
"DevOps Engineer",40,64,"Adaptive Builder","Your positioning is still forming—a calm map of where you stand, not a verdict.","Adaptability; Contextual Judgment; Strategic Thinking","Industry Transformation Pace; Partial Task Automation; Routine Task Patterns","Strategic Communication; AI-Assisted Decision Making; Complex Problem-Solving"
"Site Reliability Engineer",40,64,"Adaptive Builder","Your positioning is still forming—a calm map of where you stand, not a verdict.","Adaptability; Contextual Judgment; Strategic Thinking","Industry Transformation Pace; Partial Task Automation; Routine Task Patterns","Strategic Communication; AI-Assisted Decision Making; Complex Problem-Solving"
"Cloud Engineer",40,64,"Adaptive Builder","Your positioning is still forming—a calm map of where you stand, not a verdict.","Adaptability; Contextual Judgment; Strategic Thinking","Industry Transformation Pace; Partial Task Automation; Routine Task Patterns","Strategic Communication; AI-Assisted Decision Making; Complex Problem-Solving"
"Cybersecurity Engineer",40,64,"Adaptive Builder","Your positioning is still forming—a calm map of where you stand, not a verdict.","Adaptability; Contextual Judgment; Strategic Thinking","Industry Transformation Pace; Partial Task Automation; Routine Task Patterns","Strategic Communication; AI-Assisted Decision Making; Complex Problem-Solving"
"Solutions Architect",40,64,"Adaptive Builder","Your positioning is still forming—a calm map of where you stand, not a verdict.","Adaptability; Contextual Judgment; Strategic Thinking","Industry Transformation Pace; Partial Task Automation; Routine Task Patterns","Strategic Communication; AI-Assisted Decision Making; Complex Problem-Solving"
"Machine Learning Engineer",40,64,"Adaptive Builder","Your positioning is still forming—a calm map of where you stand, not a verdict.","Adaptability; Contextual Judgment; Strategic Thinking","Industry Transformation Pace; Partial Task Automation; Routine Task Patterns","Strategic Communication; AI-Assisted Decision Making; Complex Problem-Solving"
"Data Scientist",40,64,"Adaptive Builder","Your positioning is still forming—a calm map of where you stand, not a verdict.","Adaptability; Contextual Judgment; Strategic Thinking","Industry Transformation Pace; Partial Task Automation; Routine Task Patterns","Strategic Communication; AI-Assisted Decision Making; Complex Problem-Solving"
"AI Product Analyst",40,64,"Adaptive Builder","Your positioning is still forming—a calm map of where you stand, not a verdict.","Adaptability; Contextual Judgment; Strategic Thinking","Industry Transformation Pace; Partial Task Automation; Routine Task Patterns","Strategic Communication; AI-Assisted Decision Making; Complex Problem-Solving"
"MLOps Engineer",40,64,"Adaptive Builder","Your positioning is still forming—a calm map of where you stand, not a verdict.","Adaptability; Contextual Judgment; Strategic Thinking","Industry Transformation Pace; Partial Task Automation; Routine Task Patterns","Strategic Communication; AI-Assisted Decision Making; Complex Problem-Solving"
"Automation Engineer",40,64,"Adaptive Builder","Your positioning is still forming—a calm map of where you stand, not a verdict.","Adaptability; Contextual Judgment; Strategic Thinking","Industry Transformation Pace; Partial Task Automation; Routine Task Patterns","Strategic Communication; AI-Assisted Decision Making; Complex Problem-Solving"
"Robotics Engineer",40,64,"Adaptive Builder","Your positioning is still forming—a calm map of where you stand, not a verdict.","Adaptability; Contextual Judgment; Strategic Thinking","Industry Transformation Pace; Partial Task Automation; Routine Task Patterns","Strategic Communication; AI-Assisted Decision Making; Complex Problem-Solving"
"Digital Twin Engineer",40,64,"Adaptive Builder","Your positioning is still forming—a calm map of where you stand, not a verdict.","Adaptability; Contextual Judgment; Strategic Thinking","Industry Transformation Pace; Partial Task Automation; Routine Task Patterns","Strategic Communication; AI-Assisted Decision Making; Complex Problem-Solving"
"Manufacturing Data Engineer",40,64,"Adaptive Builder","Your positioning is still forming—a calm map of where you stand, not a verdict.","Adaptability; Contextual Judgment; Strategic Thinking","Industry Transformation Pace; Partial Task Automation; Routine Task Patterns","Strategic Communication; AI-Assisted Decision Making; Complex Problem-Solving"
"Digital Marketing Manager",40,64,"Adaptive Builder","Your positioning is still forming—a calm map of where you stand, not a verdict.","Adaptability; Contextual Judgment; Strategic Thinking","Industry Transformation Pace; Partial Task Automation; Routine Task Patterns","Strategic Communication; AI-Assisted Decision Making; Complex Problem-Solving"
"SEO Specialist",40,64,"Adaptive Builder","Your positioning is still forming—a calm map of where you stand, not a verdict.","Adaptability; Contextual Judgment; Strategic Thinking","Industry Transformation Pace; Partial Task Automation; Routine Task Patterns","Strategic Communication; AI-Assisted Decision Making; Complex Problem-Solving"
"Performance Marketing Analyst",40,64,"Adaptive Builder","Your positioning is still forming—a calm map of where you stand, not a verdict.","Adaptability; Contextual Judgment; Strategic Thinking","Industry Transformation Pace; Partial Task Automation; Routine Task Patterns","Strategic Communication; AI-Assisted Decision Making; Complex Problem-Solving"
"Marketing Automation Manager",40,64,"Adaptive Builder","Your positioning is still forming—a calm map of where you stand, not a verdict.","Adaptability; Contextual Judgment; Strategic Thinking","Industry Transformation Pace; Partial Task Automation; Routine Task Patterns","Strategic Communication; AI-Assisted Decision Making; Complex Problem-Solving"
"Social Media Strategist",40,64,"Adaptive Builder","Your positioning is still forming—a calm map of where you stand, not a verdict.","Adaptability; Contextual Judgment; Strategic Thinking","Industry Transformation Pace; Partial Task Automation; Routine Task Patterns","Strategic Communication; AI-Assisted Decision Making; Complex Problem-Solving"
"Radiologist",38,65,"Systems-Oriented Thinker","Your positioning is still forming—a calm map of where you stand, not a verdict.","Specialized Expertise; Contextual Judgment; Adaptability","Industry Transformation Pace; Reduced Interpersonal Dependency; Routine Task Patterns","Strategic Communication; AI-Assisted Decision Making; Complex Problem-Solving"
"Pharmacist",38,65,"Systems-Oriented Thinker","Your positioning is still forming—a calm map of where you stand, not a verdict.","Specialized Expertise; Contextual Judgment; Adaptability","Industry Transformation Pace; Reduced Interpersonal Dependency; Routine Task Patterns","Strategic Communication; AI-Assisted Decision Making; Complex Problem-Solving"
"Clinical Laboratory Scientist",38,65,"Systems-Oriented Thinker","Your positioning is still forming—a calm map of where you stand, not a verdict.","Specialized Expertise; Contextual Judgment; Adaptability","Industry Transformation Pace; Reduced Interpersonal Dependency; Routine Task Patterns","Strategic Communication; AI-Assisted Decision Making; Complex Problem-Solving"
"Anesthesiologist",38,65,"Systems-Oriented Thinker","Your positioning is still forming—a calm map of where you stand, not a verdict.","Specialized Expertise; Contextual Judgment; Adaptability","Industry Transformation Pace; Reduced Interpersonal Dependency; Routine Task Patterns","Strategic Communication; AI-Assisted Decision Making; Complex Problem-Solving"
"Tool and Die Maker",38,65,"Systems-Oriented Thinker","Your positioning is still forming—a calm map of where you stand, not a verdict.","Specialized Expertise; Contextual Judgment; Adaptability","Industry Transformation Pace; Reduced Interpersonal Dependency; Routine Task Patterns","Strategic Communication; AI-Assisted Decision Making; Complex Problem-Solving"
"Instrumentation Technician",38,65,"Systems-Oriented Thinker","Your positioning is still forming—a calm map of where you stand, not a verdict.","Specialized Expertise; Contextual Judgment; Adaptability","Industry Transformation Pace; Reduced Interpersonal Dependency; Routine Task Patterns","Strategic Communication; AI-Assisted Decision Making; Complex Problem-Solving"
"Maintenance Technician",38,65,"Systems-Oriented Thinker","Your positioning is still forming—a calm map of where you stand, not a verdict.","Specialized Expertise; Contextual Judgment; Adaptability","Industry Transformation Pace; Reduced Interpersonal Dependency; Routine Task Patterns","Strategic Communication; AI-Assisted Decision Making; Complex Problem-Solving"
"Field Service Technician",38,65,"Systems-Oriented Thinker","Your positioning is still forming—a calm map of where you stand, not a verdict.","Specialized Expertise; Contextual Judgment; Adaptability","Industry Transformation Pace; Reduced Interpersonal Dependency; Routine Task Patterns","Strategic Communication; AI-Assisted Decision Making; Complex Problem-Solving"
"Quality Engineer",38,65,"Systems-Oriented Thinker","Your positioning is still forming—a calm map of where you stand, not a verdict.","Specialized Expertise; Contextual Judgment; Adaptability","Industry Transformation Pace; Reduced Interpersonal Dependency; Routine Task Patterns","Strategic Communication; AI-Assisted Decision Making; Complex Problem-Solving"
"Reliability Engineer",38,65,"Systems-Oriented Thinker","Your positioning is still forming—a calm map of where you stand, not a verdict.","Specialized Expertise; Contextual Judgment; Adaptability","Industry Transformation Pace; Reduced Interpersonal Dependency; Routine Task Patterns","Strategic Communication; AI-Assisted Decision Making; Complex Problem-Solving"
"Control Systems Engineer",38,65,"Systems-Oriented Thinker","Your positioning is still forming—a calm map of where you stand, not a verdict.","Specialized Expertise; Contextual Judgment; Adaptability","Industry Transformation Pace; Reduced Interpersonal Dependency; Routine Task Patterns","Strategic Communication; AI-Assisted Decision Making; Complex Problem-Solving"
"Industrial Engineer",38,65,"Systems-Oriented Thinker","Your positioning is still forming—a calm map of where you stand, not a verdict.","Specialized Expertise; Contextual Judgment; Adaptability","Industry Transformation Pace; Reduced Interpersonal Dependency; Routine Task Patterns","Strategic Communication; AI-Assisted Decision Making; Complex Problem-Solving"
"Hardware Engineer",38,65,"Systems-Oriented Thinker","Your positioning is still forming—a calm map of where you stand, not a verdict.","Specialized Expertise; Contextual Judgment; Adaptability","Industry Transformation Pace; Reduced Interpersonal Dependency; Routine Task Patterns","Strategic Communication; AI-Assisted Decision Making; Complex Problem-Solving"
"Clinical Research Associate",38,65,"Systems-Oriented Thinker","Your positioning is still forming—a calm map of where you stand, not a verdict.","Specialized Expertise; Contextual Judgment; Adaptability","Industry Transformation Pace; Reduced Interpersonal Dependency; Routine Task Patterns","Strategic Communication; AI-Assisted Decision Making; Complex Problem-Solving"
"Research Data Manager",38,65,"Systems-Oriented Thinker","Your positioning is still forming—a calm map of where you stand, not a verdict.","Specialized Expertise; Contextual Judgment; Adaptability","Industry Transformation Pace; Reduced Interpersonal Dependency; Routine Task Patterns","Strategic Communication; AI-Assisted Decision Making; Complex Problem-Solving"
"Environmental Scientist",38,65,"Systems-Oriented Thinker","Your positioning is still forming—a calm map of where you stand, not a verdict.","Specialized Expertise; Contextual Judgment; Adaptability","Industry Transformation Pace; Reduced Interpersonal Dependency; Routine Task Patterns","Strategic Communication; AI-Assisted Decision Making; Complex Problem-Solving"
"Social Worker",34,68,"Human-Centered Strategist","Well positioned today—human leverage with manageable automation pressure.","Human-Centered Skills; Contextual Judgment; Specialized Expertise","Routine Task Patterns; Limited Creative Differentiation","Interdisciplinary Thinking; Strategic Communication; AI-Assisted Decision Making"
"Case Worker",34,68,"Human-Centered Strategist","Well positioned today—human leverage with manageable automation pressure.","Human-Centered Skills; Contextual Judgment; Specialized Expertise","Routine Task Patterns; Limited Creative Differentiation","Interdisciplinary Thinking; Strategic Communication; AI-Assisted Decision Making"
"Community Outreach Coordinator",34,68,"Human-Centered Strategist","Well positioned today—human leverage with manageable automation pressure.","Human-Centered Skills; Contextual Judgment; Specialized Expertise","Routine Task Patterns; Limited Creative Differentiation","Interdisciplinary Thinking; Strategic Communication; AI-Assisted Decision Making"
"School Counselor",34,68,"Human-Centered Strategist","Well positioned today—human leverage with manageable automation pressure.","Human-Centered Skills; Contextual Judgment; Specialized Expertise","Routine Task Patterns; Limited Creative Differentiation","Interdisciplinary Thinking; Strategic Communication; AI-Assisted Decision Making"
"Project Manager",31,72,"Human-Centered Strategist","Well positioned today—human leverage with manageable automation pressure.","Human-Centered Skills; Contextual Judgment; Adaptability","Industry Transformation Pace; Routine Task Patterns","Strategic Communication; AI-Assisted Decision Making; Complex Problem-Solving"
"Program Manager",31,72,"Human-Centered Strategist","Well positioned today—human leverage with manageable automation pressure.","Human-Centered Skills; Contextual Judgment; Adaptability","Industry Transformation Pace; Routine Task Patterns","Strategic Communication; AI-Assisted Decision Making; Complex Problem-Solving"
"Operations Manager",31,72,"Human-Centered Strategist","Well positioned today—human leverage with manageable automation pressure.","Human-Centered Skills; Contextual Judgment; Adaptability","Industry Transformation Pace; Routine Task Patterns","Strategic Communication; AI-Assisted Decision Making; Complex Problem-Solving"
"Customer Operations Manager",31,72,"Human-Centered Strategist","Well positioned today—human leverage with manageable automation pressure.","Human-Centered Skills; Contextual Judgment; Adaptability","Industry Transformation Pace; Routine Task Patterns","Strategic Communication; AI-Assisted Decision Making; Complex Problem-Solving"
"Retail Store Manager",31,72,"Human-Centered Strategist","Well positioned today—human leverage with manageable automation pressure.","Human-Centered Skills; Contextual Judgment; Adaptability","Industry Transformation Pace; Routine Task Patterns","Strategic Communication; AI-Assisted Decision Making; Complex Problem-Solving"
"Registered Nurse",31,72,"Human-Centered Strategist","Well positioned today—human leverage with manageable automation pressure.","Human-Centered Skills; Contextual Judgment; Adaptability","Industry Transformation Pace; Routine Task Patterns","Strategic Communication; AI-Assisted Decision Making; Complex Problem-Solving"
"Primary Care Physician",31,72,"Human-Centered Strategist","Well positioned today—human leverage with manageable automation pressure.","Human-Centered Skills; Contextual Judgment; Adaptability","Industry Transformation Pace; Routine Task Patterns","Strategic Communication; AI-Assisted Decision Making; Complex Problem-Solving"
"Physical Therapist",31,72,"Human-Centered Strategist","Well positioned today—human leverage with manageable automation pressure.","Human-Centered Skills; Contextual Judgment; Adaptability","Industry Transformation Pace; Routine Task Patterns","Strategic Communication; AI-Assisted Decision Making; Complex Problem-Solving"
"Occupational Therapist",31,72,"Human-Centered Strategist","Well positioned today—human leverage with manageable automation pressure.","Human-Centered Skills; Contextual Judgment; Adaptability","Industry Transformation Pace; Routine Task Patterns","Strategic Communication; AI-Assisted Decision Making; Complex Problem-Solving"
"Clinical Social Worker",31,72,"Human-Centered Strategist","Well positioned today—human leverage with manageable automation pressure.","Human-Centered Skills; Contextual Judgment; Adaptability","Industry Transformation Pace; Routine Task Patterns","Strategic Communication; AI-Assisted Decision Making; Complex Problem-Solving"
"High School Teacher",31,72,"Human-Centered Strategist","Well positioned today—human leverage with manageable automation pressure.","Human-Centered Skills; Contextual Judgment; Adaptability","Industry Transformation Pace; Routine Task Patterns","Strategic Communication; AI-Assisted Decision Making; Complex Problem-Solving"
"Elementary Teacher",31,72,"Human-Centered Strategist","Well positioned today—human leverage with manageable automation pressure.","Human-Centered Skills; Contextual Judgment; Adaptability","Industry Transformation Pace; Routine Task Patterns","Strategic Communication; AI-Assisted Decision Making; Complex Problem-Solving"
"Special Education Teacher",31,72,"Human-Centered Strategist","Well positioned today—human leverage with manageable automation pressure.","Human-Centered Skills; Contextual Judgment; Adaptability","Industry Transformation Pace; Routine Task Patterns","Strategic Communication; AI-Assisted Decision Making; Complex Problem-Solving"
"Academic Advisor",31,72,"Human-Centered Strategist","Well positioned today—human leverage with manageable automation pressure.","Human-Centered Skills; Contextual Judgment; Adaptability","Industry Transformation Pace; Routine Task Patterns","Strategic Communication; AI-Assisted Decision Making; Complex Problem-Solving"
"Account Executive",31,72,"Human-Centered Strategist","Well positioned today—human leverage with manageable automation pressure.","Human-Centered Skills; Contextual Judgment; Adaptability","Industry Transformation Pace; Routine Task Patterns","Strategic Communication; AI-Assisted Decision Making; Complex Problem-Solving"
"Customer Success Manager",31,72,"Human-Centered Strategist","Well positioned today—human leverage with manageable automation pressure.","Human-Centered Skills; Contextual Judgment; Adaptability","Industry Transformation Pace; Routine Task Patterns","Strategic Communication; AI-Assisted Decision Making; Complex Problem-Solving"
"Enterprise Account Manager",31,72,"Human-Centered Strategist","Well positioned today—human leverage with manageable automation pressure.","Human-Centered Skills; Contextual Judgment; Adaptability","Industry Transformation Pace; Routine Task Patterns","Strategic Communication; AI-Assisted Decision Making; Complex Problem-Solving"
"Solutions Consultant",31,72,"Human-Centered Strategist","Well positioned today—human leverage with manageable automation pressure.","Human-Centered Skills; Contextual Judgment; Adaptability","Industry Transformation Pace; Routine Task Patterns","Strategic Communication; AI-Assisted Decision Making; Complex Problem-Solving"
"HR Generalist",31,72,"Human-Centered Strategist","Well positioned today—human leverage with manageable automation pressure.","Human-Centered Skills; Contextual Judgment; Adaptability","Industry Transformation Pace; Routine Task Patterns","Strategic Communication; AI-Assisted Decision Making; Complex Problem-Solving"
"Talent Acquisition Partner",31,72,"Human-Centered Strategist","Well positioned today—human leverage with manageable automation pressure.","Human-Centered Skills; Contextual Judgment; Adaptability","Industry Transformation Pace; Routine Task Patterns","Strategic Communication; AI-Assisted Decision Making; Complex Problem-Solving"
"People Operations Manager",31,72,"Human-Centered Strategist","Well positioned today—human leverage with manageable automation pressure.","Human-Centered Skills; Contextual Judgment; Adaptability","Industry Transformation Pace; Routine Task Patterns","Strategic Communication; AI-Assisted Decision Making; Complex Problem-Solving"
"Executive Assistant",31,72,"Human-Centered Strategist","Well positioned today—human leverage with manageable automation pressure.","Human-Centered Skills; Contextual Judgment; Adaptability","Industry Transformation Pace; Routine Task Patterns","Strategic Communication; AI-Assisted Decision Making; Complex Problem-Solving"
"Client Services Coordinator",31,72,"Human-Centered Strategist","Well positioned today—human leverage with manageable automation pressure.","Human-Centered Skills; Contextual Judgment; Adaptability","Industry Transformation Pace; Routine Task Patterns","Strategic Communication; AI-Assisted Decision Making; Complex Problem-Solving"
"Office Administrator",31,72,"Human-Centered Strategist","Well positioned today—human leverage with manageable automation pressure.","Human-Centered Skills; Contextual Judgment; Adaptability","Industry Transformation Pace; Routine Task Patterns","Strategic Communication; AI-Assisted Decision Making; Complex Problem-Solving"
"Financial Controller",27,76,"Strategic Integrator","Well positioned today—human leverage with manageable automation pressure.","Strategic Thinking; Human-Centered Skills; Contextual Judgment","Moderate Structural Shift; Tool-Assisted Workflows","Strategic Communication; AI-Assisted Decision Making; Complex Problem-Solving"
"Finance Manager",27,76,"Strategic Integrator","Well positioned today—human leverage with manageable automation pressure.","Strategic Thinking; Human-Centered Skills; Contextual Judgment","Moderate Structural Shift; Tool-Assisted Workflows","Strategic Communication; AI-Assisted Decision Making; Complex Problem-Solving"
"FP&A Manager",27,76,"Strategic Integrator","Well positioned today—human leverage with manageable automation pressure.","Strategic Thinking; Human-Centered Skills; Contextual Judgment","Moderate Structural Shift; Tool-Assisted Workflows","Strategic Communication; AI-Assisted Decision Making; Complex Problem-Solving"
"Risk Manager",27,76,"Strategic Integrator","Well positioned today—human leverage with manageable automation pressure.","Strategic Thinking; Human-Centered Skills; Contextual Judgment","Moderate Structural Shift; Tool-Assisted Workflows","Strategic Communication; AI-Assisted Decision Making; Complex Problem-Solving"
"Corporate Lawyer",27,76,"Strategic Integrator","Well positioned today—human leverage with manageable automation pressure.","Strategic Thinking; Human-Centered Skills; Contextual Judgment","Moderate Structural Shift; Tool-Assisted Workflows","Strategic Communication; AI-Assisted Decision Making; Complex Problem-Solving"
"Employment Lawyer",27,76,"Strategic Integrator","Well positioned today—human leverage with manageable automation pressure.","Strategic Thinking; Human-Centered Skills; Contextual Judgment","Moderate Structural Shift; Tool-Assisted Workflows","Strategic Communication; AI-Assisted Decision Making; Complex Problem-Solving"
"General Counsel",27,76,"Strategic Integrator","Well positioned today—human leverage with manageable automation pressure.","Strategic Thinking; Human-Centered Skills; Contextual Judgment","Moderate Structural Shift; Tool-Assisted Workflows","Strategic Communication; AI-Assisted Decision Making; Complex Problem-Solving"
"Chief Compliance Officer",27,76,"Strategic Integrator","Well positioned today—human leverage with manageable automation pressure.","Strategic Thinking; Human-Centered Skills; Contextual Judgment","Moderate Structural Shift; Tool-Assisted Workflows","Strategic Communication; AI-Assisted Decision Making; Complex Problem-Solving"
"Product Manager",27,76,"Strategic Integrator","Well positioned today—human leverage with manageable automation pressure.","Strategic Thinking; Human-Centered Skills; Contextual Judgment","Moderate Structural Shift; Tool-Assisted Workflows","Strategic Communication; AI-Assisted Decision Making; Complex Problem-Solving"
"Director of Operations",27,76,"Strategic Integrator","Well positioned today—human leverage with manageable automation pressure.","Strategic Thinking; Human-Centered Skills; Contextual Judgment","Moderate Structural Shift; Tool-Assisted Workflows","Strategic Communication; AI-Assisted Decision Making; Complex Problem-Solving"
"Chief of Staff",27,76,"Strategic Integrator","Well positioned today—human leverage with manageable automation pressure.","Strategic Thinking; Human-Centered Skills; Contextual Judgment","Moderate Structural Shift; Tool-Assisted Workflows","Strategic Communication; AI-Assisted Decision Making; Complex Problem-Solving"
"Strategy Manager",27,76,"Strategic Integrator","Well positioned today—human leverage with manageable automation pressure.","Strategic Thinking; Human-Centered Skills; Contextual Judgment","Moderate Structural Shift; Tool-Assisted Workflows","Strategic Communication; AI-Assisted Decision Making; Complex Problem-Solving"
"Business Unit Director",27,76,"Strategic Integrator","Well positioned today—human leverage with manageable automation pressure.","Strategic Thinking; Human-Centered Skills; Contextual Judgment","Moderate Structural Shift; Tool-Assisted Workflows","Strategic Communication; AI-Assisted Decision Making; Complex Problem-Solving"
"Sales Manager",27,76,"Strategic Integrator","Well positioned today—human leverage with manageable automation pressure.","Strategic Thinking; Human-Centered Skills; Contextual Judgment","Moderate Structural Shift; Tool-Assisted Workflows","Strategic Communication; AI-Assisted Decision Making; Complex Problem-Solving"
"Partnerships Manager",27,76,"Strategic Integrator","Well positioned today—human leverage with manageable automation pressure.","Strategic Thinking; Human-Centered Skills; Contextual Judgment","Moderate Structural Shift; Tool-Assisted Workflows","Strategic Communication; AI-Assisted Decision Making; Complex Problem-Solving"
"Channel Manager",27,76,"Strategic Integrator","Well positioned today—human leverage with manageable automation pressure.","Strategic Thinking; Human-Centered Skills; Contextual Judgment","Moderate Structural Shift; Tool-Assisted Workflows","Strategic Communication; AI-Assisted Decision Making; Complex Problem-Solving"
"Customer Success Director",27,76,"Strategic Integrator","Well positioned today—human leverage with manageable automation pressure.","Strategic Thinking; Human-Centered Skills; Contextual Judgment","Moderate Structural Shift; Tool-Assisted Workflows","Strategic Communication; AI-Assisted Decision Making; Complex Problem-Solving"
"Creative Director",27,76,"Strategic Integrator","Well positioned today—human leverage with manageable automation pressure.","Strategic Thinking; Human-Centered Skills; Contextual Judgment","Moderate Structural Shift; Tool-Assisted Workflows","Strategic Communication; AI-Assisted Decision Making; Complex Problem-Solving"
"Brand Manager",27,76,"Strategic Integrator","Well positioned today—human leverage with manageable automation pressure.","Strategic Thinking; Human-Centered Skills; Contextual Judgment","Moderate Structural Shift; Tool-Assisted Workflows","Strategic Communication; AI-Assisted Decision Making; Complex Problem-Solving"
"Communications Director",27,76,"Strategic Integrator","Well positioned today—human leverage with manageable automation pressure.","Strategic Thinking; Human-Centered Skills; Contextual Judgment","Moderate Structural Shift; Tool-Assisted Workflows","Strategic Communication; AI-Assisted Decision Making; Complex Problem-Solving"
"Product Marketing Manager",27,76,"Strategic Integrator","Well positioned today—human leverage with manageable automation pressure.","Strategic Thinking; Human-Centered Skills; Contextual Judgment","Moderate Structural Shift; Tool-Assisted Workflows","Strategic Communication; AI-Assisted Decision Making; Complex Problem-Solving"
"HR Business Partner",27,76,"Strategic Integrator","Well positioned today—human leverage with manageable automation pressure.","Strategic Thinking; Human-Centered Skills; Contextual Judgment","Moderate Structural Shift; Tool-Assisted Workflows","Strategic Communication; AI-Assisted Decision Making; Complex Problem-Solving"
"Head of People",27,76,"Strategic Integrator","Well positioned today—human leverage with manageable automation pressure.","Strategic Thinking; Human-Centered Skills; Contextual Judgment","Moderate Structural Shift; Tool-Assisted Workflows","Strategic Communication; AI-Assisted Decision Making; Complex Problem-Solving"
"Organizational Development Manager",27,76,"Strategic Integrator","Well positioned today—human leverage with manageable automation pressure.","Strategic Thinking; Human-Centered Skills; Contextual Judgment","Moderate Structural Shift; Tool-Assisted Workflows","Strategic Communication; AI-Assisted Decision Making; Complex Problem-Solving"
"Supply Chain Manager",27,76,"Strategic Integrator","Well positioned today—human leverage with manageable automation pressure.","Strategic Thinking; Human-Centered Skills; Contextual Judgment","Moderate Structural Shift; Tool-Assisted Workflows","Strategic Communication; AI-Assisted Decision Making; Complex Problem-Solving"
"Procurement Manager",27,76,"Strategic Integrator","Well positioned today—human leverage with manageable automation pressure.","Strategic Thinking; Human-Centered Skills; Contextual Judgment","Moderate Structural Shift; Tool-Assisted Workflows","Strategic Communication; AI-Assisted Decision Making; Complex Problem-Solving"
"Director of Logistics",27,76,"Strategic Integrator","Well positioned today—human leverage with manageable automation pressure.","Strategic Thinking; Human-Centered Skills; Contextual Judgment","Moderate Structural Shift; Tool-Assisted Workflows","Strategic Communication; AI-Assisted Decision Making; Complex Problem-Solving"
"Fulfillment Operations Manager",27,76,"Strategic Integrator","Well positioned today—human leverage with manageable automation pressure.","Strategic Thinking; Human-Centered Skills; Contextual Judgment","Moderate Structural Shift; Tool-Assisted Workflows","Strategic Communication; AI-Assisted Decision Making; Complex Problem-Solving"
"City Planner",27,76,"Strategic Integrator","Well positioned today—human leverage with manageable automation pressure.","Strategic Thinking; Human-Centered Skills; Contextual Judgment","Moderate Structural Shift; Tool-Assisted Workflows","Strategic Communication; AI-Assisted Decision Making; Complex Problem-Solving"
"Public Health Program Manager",27,76,"Strategic Integrator","Well positioned today—human leverage with manageable automation pressure.","Strategic Thinking; Human-Centered Skills; Contextual Judgment","Moderate Structural Shift; Tool-Assisted Workflows","Strategic Communication; AI-Assisted Decision Making; Complex Problem-Solving"
"Nonprofit Program Director",27,76,"Strategic Integrator","Well positioned today—human leverage with manageable automation pressure.","Strategic Thinking; Human-Centered Skills; Contextual Judgment","Moderate Structural Shift; Tool-Assisted Workflows","Strategic Communication; AI-Assisted Decision Making; Complex Problem-Solving"