occupation_code,occupation_title,category,primary_riasec,secondary_riasec,current_ai_exposure,current_career_resilience,current_ilonaa_ai_risk_index,expected_ai_risk_band,expected_ai_risk_score,expected_rationale,mismatch_current_minus_expected,absolute_mismatch,likely_responsible_factor,mismatch_explanation
"ONET-00095","CNC Machinist","skilled trades","Realistic","Conventional",75,33,67,"Medium",47,"Conservative prior: automability pressure from routine/process structure is balanced against judgment/accountability, human trust needs, and physical execution requirements.",20,20,"routine/process structure likely overweighted","CNC Machinist (skilled trades) appears overestimated by 20 points versus human-prior benchmark."
"ONET-00096","Assembly Line Operator","skilled trades","Realistic","Conventional",75,33,67,"Medium",47,"Conservative prior: automability pressure from routine/process structure is balanced against judgment/accountability, human trust needs, and physical execution requirements.",20,20,"routine/process structure likely overweighted","Assembly Line Operator (skilled trades) appears overestimated by 20 points versus human-prior benchmark."
"ONET-00097","Warehouse Equipment Operator","skilled trades","Realistic","Conventional",75,33,67,"Medium",47,"Conservative prior: automability pressure from routine/process structure is balanced against judgment/accountability, human trust needs, and physical execution requirements.",20,20,"routine/process structure likely overweighted","Warehouse Equipment Operator (skilled trades) appears overestimated by 20 points versus human-prior benchmark."
"ONET-00098","Quality Inspection Technician","skilled trades","Realistic","Conventional",75,33,67,"Medium",47,"Conservative prior: automability pressure from routine/process structure is balanced against judgment/accountability, human trust needs, and physical execution requirements.",20,20,"routine/process structure likely overweighted","Quality Inspection Technician (skilled trades) appears overestimated by 20 points versus human-prior benchmark."
"ONET-00099","Electrician","skilled trades","Realistic","Conventional",51,50,50,"Low",34,"Conservative prior: automability pressure from routine/process structure is balanced against judgment/accountability, human trust needs, and physical execution requirements.",16,16,"routine/process structure likely overweighted","Electrician (skilled trades) appears overestimated by 16 points versus human-prior benchmark."
"ONET-00100","HVAC Technician","skilled trades","Realistic","Conventional",51,50,50,"Low",34,"Conservative prior: automability pressure from routine/process structure is balanced against judgment/accountability, human trust needs, and physical execution requirements.",16,16,"routine/process structure likely overweighted","HVAC Technician (skilled trades) appears overestimated by 16 points versus human-prior benchmark."
"ONET-00101","Plumber","skilled trades","Realistic","Conventional",51,50,50,"Low",34,"Conservative prior: automability pressure from routine/process structure is balanced against judgment/accountability, human trust needs, and physical execution requirements.",16,16,"routine/process structure likely overweighted","Plumber (skilled trades) appears overestimated by 16 points versus human-prior benchmark."
"ONET-00102","Automotive Technician","skilled trades","Realistic","Conventional",51,50,50,"Low",34,"Conservative prior: automability pressure from routine/process structure is balanced against judgment/accountability, human trust needs, and physical execution requirements.",16,16,"routine/process structure likely overweighted","Automotive Technician (skilled trades) appears overestimated by 16 points versus human-prior benchmark."
"ONET-00015","Legal Secretary","legal/compliance","Conventional","Investigative",75,33,67,"Medium",52,"Conservative prior: automability pressure from routine/process structure is balanced against judgment/accountability, human trust needs, and physical execution requirements.",15,15,"routine/process structure likely overweighted","Legal Secretary (legal/compliance) appears overestimated by 15 points versus human-prior benchmark."
"ONET-00016","Compliance Analyst","legal/compliance","Conventional","Investigative",75,33,67,"Medium",52,"Conservative prior: automability pressure from routine/process structure is balanced against judgment/accountability, human trust needs, and physical execution requirements.",15,15,"routine/process structure likely overweighted","Compliance Analyst (legal/compliance) appears overestimated by 15 points versus human-prior benchmark."
"ONET-00017","Contract Administrator","legal/compliance","Conventional","Investigative",75,33,67,"Medium",52,"Conservative prior: automability pressure from routine/process structure is balanced against judgment/accountability, human trust needs, and physical execution requirements.",15,15,"routine/process structure likely overweighted","Contract Administrator (legal/compliance) appears overestimated by 15 points versus human-prior benchmark."
"ONET-00078","Medical Coder","healthcare","Social","Investigative",49,51,49,"Low",36,"Conservative prior: automability pressure from routine/process structure is balanced against judgment/accountability, human trust needs, and physical execution requirements.",13,13,"human trust/relationship depth underweighted","Medical Coder (healthcare) appears overestimated by 13 points versus human-prior benchmark."
"ONET-00079","Health Information Manager","healthcare","Social","Investigative",49,51,49,"Low",36,"Conservative prior: automability pressure from routine/process structure is balanced against judgment/accountability, human trust needs, and physical execution requirements.",13,13,"human trust/relationship depth underweighted","Health Information Manager (healthcare) appears overestimated by 13 points versus human-prior benchmark."
"ONET-00080","Care Coordinator","healthcare","Social","Investigative",49,51,49,"Low",36,"Conservative prior: automability pressure from routine/process structure is balanced against judgment/accountability, human trust needs, and physical execution requirements.",13,13,"human trust/relationship depth underweighted","Care Coordinator (healthcare) appears overestimated by 13 points versus human-prior benchmark."
"ONET-00081","Nurse Practitioner","healthcare","Social","Investigative",49,51,49,"Low",36,"Conservative prior: automability pressure from routine/process structure is balanced against judgment/accountability, human trust needs, and physical execution requirements.",13,13,"human trust/relationship depth underweighted","Nurse Practitioner (healthcare) appears overestimated by 13 points versus human-prior benchmark."
"ONET-00082","Public Health Nurse","healthcare","Social","Investigative",49,51,49,"Low",36,"Conservative prior: automability pressure from routine/process structure is balanced against judgment/accountability, human trust needs, and physical execution requirements.",13,13,"human trust/relationship depth underweighted","Public Health Nurse (healthcare) appears overestimated by 13 points versus human-prior benchmark."
"ONET-00103","Tool and Die Maker","skilled trades","Realistic","Conventional",43,64,42,"Low",29,"Conservative prior: automability pressure from routine/process structure is balanced against judgment/accountability, human trust needs, and physical execution requirements.",13,13,"decision consequence/accountability underweighted","Tool and Die Maker (skilled trades) appears overestimated by 13 points versus human-prior benchmark."
"ONET-00104","Instrumentation Technician","skilled trades","Realistic","Conventional",43,64,42,"Low",29,"Conservative prior: automability pressure from routine/process structure is balanced against judgment/accountability, human trust needs, and physical execution requirements.",13,13,"decision consequence/accountability underweighted","Instrumentation Technician (skilled trades) appears overestimated by 13 points versus human-prior benchmark."
"ONET-00105","Maintenance Technician","skilled trades","Realistic","Conventional",43,64,42,"Low",29,"Conservative prior: automability pressure from routine/process structure is balanced against judgment/accountability, human trust needs, and physical execution requirements.",13,13,"decision consequence/accountability underweighted","Maintenance Technician (skilled trades) appears overestimated by 13 points versus human-prior benchmark."
"ONET-00106","Field Service Technician","skilled trades","Realistic","Conventional",43,64,42,"Low",29,"Conservative prior: automability pressure from routine/process structure is balanced against judgment/accountability, human trust needs, and physical execution requirements.",13,13,"decision consequence/accountability underweighted","Field Service Technician (skilled trades) appears overestimated by 13 points versus human-prior benchmark."
"ONET-00195","Policy Analyst","public sector/social work","Social","Conventional",49,51,49,"Low",36,"Conservative prior: automability pressure from routine/process structure is balanced against judgment/accountability, human trust needs, and physical execution requirements.",13,13,"human trust/relationship depth underweighted","Policy Analyst (public sector/social work) appears overestimated by 13 points versus human-prior benchmark."
"ONET-00196","Public Administration Officer","public sector/social work","Social","Conventional",49,51,49,"Low",36,"Conservative prior: automability pressure from routine/process structure is balanced against judgment/accountability, human trust needs, and physical execution requirements.",13,13,"human trust/relationship depth underweighted","Public Administration Officer (public sector/social work) appears overestimated by 13 points versus human-prior benchmark."
"ONET-00197","Emergency Management Coordinator","public sector/social work","Social","Conventional",49,51,49,"Low",36,"Conservative prior: automability pressure from routine/process structure is balanced against judgment/accountability, human trust needs, and physical execution requirements.",13,13,"human trust/relationship depth underweighted","Emergency Management Coordinator (public sector/social work) appears overestimated by 13 points versus human-prior benchmark."
"ONET-00074","Radiologist","healthcare","Social","Investigative",43,64,42,"Low",31,"Conservative prior: automability pressure from routine/process structure is balanced against judgment/accountability, human trust needs, and physical execution requirements.",11,11,"decision consequence/accountability underweighted","Radiologist (healthcare) appears overestimated by 11 points versus human-prior benchmark."
"ONET-00075","Pharmacist","healthcare","Social","Investigative",43,64,42,"Low",31,"Conservative prior: automability pressure from routine/process structure is balanced against judgment/accountability, human trust needs, and physical execution requirements.",11,11,"decision consequence/accountability underweighted","Pharmacist (healthcare) appears overestimated by 11 points versus human-prior benchmark."
"ONET-00076","Clinical Laboratory Scientist","healthcare","Social","Investigative",43,64,42,"Low",31,"Conservative prior: automability pressure from routine/process structure is balanced against judgment/accountability, human trust needs, and physical execution requirements.",11,11,"decision consequence/accountability underweighted","Clinical Laboratory Scientist (healthcare) appears overestimated by 11 points versus human-prior benchmark."
"ONET-00077","Anesthesiologist","healthcare","Social","Investigative",43,64,42,"Low",31,"Conservative prior: automability pressure from routine/process structure is balanced against judgment/accountability, human trust needs, and physical execution requirements.",11,11,"decision consequence/accountability underweighted","Anesthesiologist (healthcare) appears overestimated by 11 points versus human-prior benchmark."
"ONET-00091","University Lecturer","education","Social","Artistic",49,51,49,"Low",39,"Conservative prior: automability pressure from routine/process structure is balanced against judgment/accountability, human trust needs, and physical execution requirements.",10,10,"human trust/relationship depth underweighted","University Lecturer (education) appears overestimated by 10 points versus human-prior benchmark."
"ONET-00092","School Principal","education","Social","Artistic",49,51,49,"Low",39,"Conservative prior: automability pressure from routine/process structure is balanced against judgment/accountability, human trust needs, and physical execution requirements.",10,10,"human trust/relationship depth underweighted","School Principal (education) appears overestimated by 10 points versus human-prior benchmark."
"ONET-00093","Corporate Trainer","education","Social","Artistic",49,51,49,"Low",39,"Conservative prior: automability pressure from routine/process structure is balanced against judgment/accountability, human trust needs, and physical execution requirements.",10,10,"human trust/relationship depth underweighted","Corporate Trainer (education) appears overestimated by 10 points versus human-prior benchmark."
"ONET-00094","Education Program Manager","education","Social","Artistic",49,51,49,"Low",39,"Conservative prior: automability pressure from routine/process structure is balanced against judgment/accountability, human trust needs, and physical execution requirements.",10,10,"human trust/relationship depth underweighted","Education Program Manager (education) appears overestimated by 10 points versus human-prior benchmark."
"ONET-00191","Social Worker","public sector/social work","Social","Conventional",42,58,43,"Low",33,"Conservative prior: automability pressure from routine/process structure is balanced against judgment/accountability, human trust needs, and physical execution requirements.",10,10,"decision consequence/accountability underweighted","Social Worker (public sector/social work) appears overestimated by 10 points versus human-prior benchmark."
"ONET-00192","Case Worker","public sector/social work","Social","Conventional",42,58,43,"Low",33,"Conservative prior: automability pressure from routine/process structure is balanced against judgment/accountability, human trust needs, and physical execution requirements.",10,10,"decision consequence/accountability underweighted","Case Worker (public sector/social work) appears overestimated by 10 points versus human-prior benchmark."
"ONET-00193","Community Outreach Coordinator","public sector/social work","Social","Conventional",42,58,43,"Low",33,"Conservative prior: automability pressure from routine/process structure is balanced against judgment/accountability, human trust needs, and physical execution requirements.",10,10,"decision consequence/accountability underweighted","Community Outreach Coordinator (public sector/social work) appears overestimated by 10 points versus human-prior benchmark."
"ONET-00194","School Counselor","public sector/social work","Social","Conventional",42,58,43,"Low",33,"Conservative prior: automability pressure from routine/process structure is balanced against judgment/accountability, human trust needs, and physical execution requirements.",10,10,"decision consequence/accountability underweighted","School Counselor (public sector/social work) appears overestimated by 10 points versus human-prior benchmark."
"ONET-00018","Contract Paralegal","legal/compliance","Conventional","Investigative",57,49,53,"Medium",44,"Conservative prior: automability pressure from routine/process structure is balanced against judgment/accountability, human trust needs, and physical execution requirements.",9,9,"routine/process structure likely overweighted","Contract Paralegal (legal/compliance) appears overestimated by 9 points versus human-prior benchmark."
"ONET-00019","Litigation Paralegal","legal/compliance","Conventional","Investigative",57,49,53,"Medium",44,"Conservative prior: automability pressure from routine/process structure is balanced against judgment/accountability, human trust needs, and physical execution requirements.",9,9,"routine/process structure likely overweighted","Litigation Paralegal (legal/compliance) appears overestimated by 9 points versus human-prior benchmark."
"ONET-00020","Regulatory Compliance Officer","legal/compliance","Conventional","Investigative",57,49,53,"Medium",44,"Conservative prior: automability pressure from routine/process structure is balanced against judgment/accountability, human trust needs, and physical execution requirements.",9,9,"routine/process structure likely overweighted","Regulatory Compliance Officer (legal/compliance) appears overestimated by 9 points versus human-prior benchmark."
"ONET-00021","Corporate Governance Analyst","legal/compliance","Conventional","Investigative",57,49,53,"Medium",44,"Conservative prior: automability pressure from routine/process structure is balanced against judgment/accountability, human trust needs, and physical execution requirements.",9,9,"routine/process structure likely overweighted","Corporate Governance Analyst (legal/compliance) appears overestimated by 9 points versus human-prior benchmark."
"ONET-00022","Privacy Compliance Specialist","legal/compliance","Conventional","Investigative",57,49,53,"Medium",44,"Conservative prior: automability pressure from routine/process structure is balanced against judgment/accountability, human trust needs, and physical execution requirements.",9,9,"routine/process structure likely overweighted","Privacy Compliance Specialist (legal/compliance) appears overestimated by 9 points versus human-prior benchmark."
"ONET-00027","Junior QA Tester","software/technology","Investigative","Realistic",75,33,67,"Medium",58,"Conservative prior: automability pressure from routine/process structure is balanced against judgment/accountability, human trust needs, and physical execution requirements.",9,9,"routine/process structure likely overweighted","Junior QA Tester (software/technology) appears overestimated by 9 points versus human-prior benchmark."
"ONET-00028","Manual Test Analyst","software/technology","Investigative","Realistic",75,33,67,"Medium",58,"Conservative prior: automability pressure from routine/process structure is balanced against judgment/accountability, human trust needs, and physical execution requirements.",9,9,"routine/process structure likely overweighted","Manual Test Analyst (software/technology) appears overestimated by 9 points versus human-prior benchmark."
"ONET-00029","Technical Support Specialist","software/technology","Investigative","Realistic",75,33,67,"Medium",58,"Conservative prior: automability pressure from routine/process structure is balanced against judgment/accountability, human trust needs, and physical execution requirements.",9,9,"routine/process structure likely overweighted","Technical Support Specialist (software/technology) appears overestimated by 9 points versus human-prior benchmark."
"ONET-00030","Implementation Specialist","software/technology","Investigative","Realistic",75,33,67,"Medium",58,"Conservative prior: automability pressure from routine/process structure is balanced against judgment/accountability, human trust needs, and physical execution requirements.",9,9,"routine/process structure likely overweighted","Implementation Specialist (software/technology) appears overestimated by 9 points versus human-prior benchmark."
"ONET-00031","IT Helpdesk Analyst","software/technology","Investigative","Realistic",75,33,67,"Medium",58,"Conservative prior: automability pressure from routine/process structure is balanced against judgment/accountability, human trust needs, and physical execution requirements.",9,9,"routine/process structure likely overweighted","IT Helpdesk Analyst (software/technology) appears overestimated by 9 points versus human-prior benchmark."
"ONET-00069","Registered Nurse","healthcare","Social","Investigative",36,69,37,"Low",29,"Conservative prior: automability pressure from routine/process structure is balanced against judgment/accountability, human trust needs, and physical execution requirements.",8,8,"decision consequence/accountability underweighted","Registered Nurse (healthcare) appears overestimated by 8 points versus human-prior benchmark."
"ONET-00070","Primary Care Physician","healthcare","Social","Investigative",36,69,37,"Low",29,"Conservative prior: automability pressure from routine/process structure is balanced against judgment/accountability, human trust needs, and physical execution requirements.",8,8,"decision consequence/accountability underweighted","Primary Care Physician (healthcare) appears overestimated by 8 points versus human-prior benchmark."
"ONET-00071","Physical Therapist","healthcare","Social","Investigative",36,69,37,"Low",29,"Conservative prior: automability pressure from routine/process structure is balanced against judgment/accountability, human trust needs, and physical execution requirements.",8,8,"decision consequence/accountability underweighted","Physical Therapist (healthcare) appears overestimated by 8 points versus human-prior benchmark."
"ONET-00072","Occupational Therapist","healthcare","Social","Investigative",36,69,37,"Low",29,"Conservative prior: automability pressure from routine/process structure is balanced against judgment/accountability, human trust needs, and physical execution requirements.",8,8,"decision consequence/accountability underweighted","Occupational Therapist (healthcare) appears overestimated by 8 points versus human-prior benchmark."
"ONET-00073","Clinical Social Worker","healthcare","Social","Investigative",36,69,37,"Low",29,"Conservative prior: automability pressure from routine/process structure is balanced against judgment/accountability, human trust needs, and physical execution requirements.",8,8,"decision consequence/accountability underweighted","Clinical Social Worker (healthcare) appears overestimated by 8 points versus human-prior benchmark."
"ONET-00107","Mechanical Engineer","engineering/manufacturing","Investigative","Realistic",50,58,47,"Low",39,"Conservative prior: automability pressure from routine/process structure is balanced against judgment/accountability, human trust needs, and physical execution requirements.",8,8,"physical presence/hands-on execution underweighted","Mechanical Engineer (engineering/manufacturing) appears overestimated by 8 points versus human-prior benchmark."
"ONET-00108","Electrical Engineer","engineering/manufacturing","Investigative","Realistic",50,58,47,"Low",39,"Conservative prior: automability pressure from routine/process structure is balanced against judgment/accountability, human trust needs, and physical execution requirements.",8,8,"physical presence/hands-on execution underweighted","Electrical Engineer (engineering/manufacturing) appears overestimated by 8 points versus human-prior benchmark."
"ONET-00109","Civil Engineer","engineering/manufacturing","Investigative","Realistic",50,58,47,"Low",39,"Conservative prior: automability pressure from routine/process structure is balanced against judgment/accountability, human trust needs, and physical execution requirements.",8,8,"physical presence/hands-on execution underweighted","Civil Engineer (engineering/manufacturing) appears overestimated by 8 points versus human-prior benchmark."
"ONET-00110","Process Engineer","engineering/manufacturing","Investigative","Realistic",50,58,47,"Low",39,"Conservative prior: automability pressure from routine/process structure is balanced against judgment/accountability, human trust needs, and physical execution requirements.",8,8,"physical presence/hands-on execution underweighted","Process Engineer (engineering/manufacturing) appears overestimated by 8 points versus human-prior benchmark."
"ONET-00111","Manufacturing Engineer","engineering/manufacturing","Investigative","Realistic",50,58,47,"Low",39,"Conservative prior: automability pressure from routine/process structure is balanced against judgment/accountability, human trust needs, and physical execution requirements.",8,8,"physical presence/hands-on execution underweighted","Manufacturing Engineer (engineering/manufacturing) appears overestimated by 8 points versus human-prior benchmark."
"ONET-00001","Accounts Payable Specialist","finance/accounting","Conventional","Enterprising",75,33,67,"High",60,"Conservative prior: automability pressure from routine/process structure is balanced against judgment/accountability, human trust needs, and physical execution requirements.",7,7,"routine/process structure likely overweighted","Accounts Payable Specialist (finance/accounting) appears overestimated by 7 points versus human-prior benchmark."
"ONET-00002","Accounts Receivable Specialist","finance/accounting","Conventional","Enterprising",75,33,67,"High",60,"Conservative prior: automability pressure from routine/process structure is balanced against judgment/accountability, human trust needs, and physical execution requirements.",7,7,"routine/process structure likely overweighted","Accounts Receivable Specialist (finance/accounting) appears overestimated by 7 points versus human-prior benchmark."
"ONET-00003","Bookkeeper","finance/accounting","Conventional","Enterprising",75,33,67,"High",60,"Conservative prior: automability pressure from routine/process structure is balanced against judgment/accountability, human trust needs, and physical execution requirements.",7,7,"routine/process structure likely overweighted","Bookkeeper (finance/accounting) appears overestimated by 7 points versus human-prior benchmark."
"ONET-00004","Payroll Specialist","finance/accounting","Conventional","Enterprising",75,33,67,"High",60,"Conservative prior: automability pressure from routine/process structure is balanced against judgment/accountability, human trust needs, and physical execution requirements.",7,7,"routine/process structure likely overweighted","Payroll Specialist (finance/accounting) appears overestimated by 7 points versus human-prior benchmark."
"ONET-00112","Quality Engineer","engineering/manufacturing","Investigative","Realistic",43,64,42,"Low",35,"Conservative prior: automability pressure from routine/process structure is balanced against judgment/accountability, human trust needs, and physical execution requirements.",7,7,"decision consequence/accountability underweighted","Quality Engineer (engineering/manufacturing) appears overestimated by 7 points versus human-prior benchmark."
"ONET-00113","Reliability Engineer","engineering/manufacturing","Investigative","Realistic",43,64,42,"Low",35,"Conservative prior: automability pressure from routine/process structure is balanced against judgment/accountability, human trust needs, and physical execution requirements.",7,7,"decision consequence/accountability underweighted","Reliability Engineer (engineering/manufacturing) appears overestimated by 7 points versus human-prior benchmark."
"ONET-00114","Control Systems Engineer","engineering/manufacturing","Investigative","Realistic",43,64,42,"Low",35,"Conservative prior: automability pressure from routine/process structure is balanced against judgment/accountability, human trust needs, and physical execution requirements.",7,7,"decision consequence/accountability underweighted","Control Systems Engineer (engineering/manufacturing) appears overestimated by 7 points versus human-prior benchmark."
"ONET-00115","Industrial Engineer","engineering/manufacturing","Investigative","Realistic",43,64,42,"Low",35,"Conservative prior: automability pressure from routine/process structure is balanced against judgment/accountability, human trust needs, and physical execution requirements.",7,7,"decision consequence/accountability underweighted","Industrial Engineer (engineering/manufacturing) appears overestimated by 7 points versus human-prior benchmark."
"ONET-00116","Hardware Engineer","engineering/manufacturing","Investigative","Realistic",43,64,42,"Low",35,"Conservative prior: automability pressure from routine/process structure is balanced against judgment/accountability, human trust needs, and physical execution requirements.",7,7,"decision consequence/accountability underweighted","Hardware Engineer (engineering/manufacturing) appears overestimated by 7 points versus human-prior benchmark."
"ONET-00198","City Planner","public sector/social work","Social","Conventional",31,74,33,"Low",26,"Conservative prior: automability pressure from routine/process structure is balanced against judgment/accountability, human trust needs, and physical execution requirements.",7,7,"decision consequence/accountability underweighted","City Planner (public sector/social work) appears overestimated by 7 points versus human-prior benchmark."
"ONET-00199","Public Health Program Manager","public sector/social work","Social","Conventional",31,74,33,"Low",26,"Conservative prior: automability pressure from routine/process structure is balanced against judgment/accountability, human trust needs, and physical execution requirements.",7,7,"decision consequence/accountability underweighted","Public Health Program Manager (public sector/social work) appears overestimated by 7 points versus human-prior benchmark."
"ONET-00200","Nonprofit Program Director","public sector/social work","Social","Conventional",31,74,33,"Low",26,"Conservative prior: automability pressure from routine/process structure is balanced against judgment/accountability, human trust needs, and physical execution requirements.",7,7,"decision consequence/accountability underweighted","Nonprofit Program Director (public sector/social work) appears overestimated by 7 points versus human-prior benchmark."
"ONET-00065","Team Lead","management/leadership","Enterprising","Social",49,51,49,"Medium",43,"Conservative prior: automability pressure from routine/process structure is balanced against judgment/accountability, human trust needs, and physical execution requirements.",6,6,"human trust/relationship depth underweighted","Team Lead (management/leadership) appears overestimated by 6 points versus human-prior benchmark."
"ONET-00066","Office Manager","management/leadership","Enterprising","Social",49,51,49,"Medium",43,"Conservative prior: automability pressure from routine/process structure is balanced against judgment/accountability, human trust needs, and physical execution requirements.",6,6,"human trust/relationship depth underweighted","Office Manager (management/leadership) appears overestimated by 6 points versus human-prior benchmark."
"ONET-00067","Service Delivery Manager","management/leadership","Enterprising","Social",49,51,49,"Medium",43,"Conservative prior: automability pressure from routine/process structure is balanced against judgment/accountability, human trust needs, and physical execution requirements.",6,6,"human trust/relationship depth underweighted","Service Delivery Manager (management/leadership) appears overestimated by 6 points versus human-prior benchmark."
"ONET-00068","Practice Manager","management/leadership","Enterprising","Social",49,51,49,"Medium",43,"Conservative prior: automability pressure from routine/process structure is balanced against judgment/accountability, human trust needs, and physical execution requirements.",6,6,"human trust/relationship depth underweighted","Practice Manager (management/leadership) appears overestimated by 6 points versus human-prior benchmark."
"ONET-00087","Instructional Designer","education","Social","Artistic",33,70,35,"Low",29,"Conservative prior: automability pressure from routine/process structure is balanced against judgment/accountability, human trust needs, and physical execution requirements.",6,6,"routine/process structure likely overweighted","Instructional Designer (education) appears overestimated by 6 points versus human-prior benchmark."
"ONET-00088","Curriculum Designer","education","Social","Artistic",33,70,35,"Low",29,"Conservative prior: automability pressure from routine/process structure is balanced against judgment/accountability, human trust needs, and physical execution requirements.",6,6,"routine/process structure likely overweighted","Curriculum Designer (education) appears overestimated by 6 points versus human-prior benchmark."
"ONET-00089","Learning Experience Designer","education","Social","Artistic",33,70,35,"Low",29,"Conservative prior: automability pressure from routine/process structure is balanced against judgment/accountability, human trust needs, and physical execution requirements.",6,6,"routine/process structure likely overweighted","Learning Experience Designer (education) appears overestimated by 6 points versus human-prior benchmark."
"ONET-00090","Educational Content Developer","education","Social","Artistic",33,70,35,"Low",29,"Conservative prior: automability pressure from routine/process structure is balanced against judgment/accountability, human trust needs, and physical execution requirements.",6,6,"routine/process structure likely overweighted","Educational Content Developer (education) appears overestimated by 6 points versus human-prior benchmark."
"ONET-00125","Sales Development Representative","sales/customer success","Enterprising","Social",53,54,50,"Medium",44,"Conservative prior: automability pressure from routine/process structure is balanced against judgment/accountability, human trust needs, and physical execution requirements.",6,6,"human trust/relationship depth underweighted","Sales Development Representative (sales/customer success) appears overestimated by 6 points versus human-prior benchmark."
"ONET-00126","Inside Sales Representative","sales/customer success","Enterprising","Social",53,54,50,"Medium",44,"Conservative prior: automability pressure from routine/process structure is balanced against judgment/accountability, human trust needs, and physical execution requirements.",6,6,"human trust/relationship depth underweighted","Inside Sales Representative (sales/customer success) appears overestimated by 6 points versus human-prior benchmark."
"ONET-00127","Sales Operations Coordinator","sales/customer success","Enterprising","Social",53,54,50,"Medium",44,"Conservative prior: automability pressure from routine/process structure is balanced against judgment/accountability, human trust needs, and physical execution requirements.",6,6,"human trust/relationship depth underweighted","Sales Operations Coordinator (sales/customer success) appears overestimated by 6 points versus human-prior benchmark."
"ONET-00128","Lead Generation Specialist","sales/customer success","Enterprising","Social",53,54,50,"Medium",44,"Conservative prior: automability pressure from routine/process structure is balanced against judgment/accountability, human trust needs, and physical execution requirements.",6,6,"human trust/relationship depth underweighted","Lead Generation Specialist (sales/customer success) appears overestimated by 6 points versus human-prior benchmark."
"ONET-00157","Logistics Coordinator","operations/logistics","Conventional","Realistic",75,33,67,"High",61,"Conservative prior: automability pressure from routine/process structure is balanced against judgment/accountability, human trust needs, and physical execution requirements.",6,6,"routine/process structure likely overweighted","Logistics Coordinator (operations/logistics) appears overestimated by 6 points versus human-prior benchmark."
"ONET-00158","Supply Chain Planner","operations/logistics","Conventional","Realistic",75,33,67,"High",61,"Conservative prior: automability pressure from routine/process structure is balanced against judgment/accountability, human trust needs, and physical execution requirements.",6,6,"routine/process structure likely overweighted","Supply Chain Planner (operations/logistics) appears overestimated by 6 points versus human-prior benchmark."
"ONET-00159","Dispatch Coordinator","operations/logistics","Conventional","Realistic",75,33,67,"High",61,"Conservative prior: automability pressure from routine/process structure is balanced against judgment/accountability, human trust needs, and physical execution requirements.",6,6,"routine/process structure likely overweighted","Dispatch Coordinator (operations/logistics) appears overestimated by 6 points versus human-prior benchmark."
"ONET-00160","Inventory Planner","operations/logistics","Conventional","Realistic",75,33,67,"High",61,"Conservative prior: automability pressure from routine/process structure is balanced against judgment/accountability, human trust needs, and physical execution requirements.",6,6,"routine/process structure likely overweighted","Inventory Planner (operations/logistics) appears overestimated by 6 points versus human-prior benchmark."
"ONET-00161","Procurement Analyst","operations/logistics","Conventional","Realistic",75,33,67,"High",61,"Conservative prior: automability pressure from routine/process structure is balanced against judgment/accountability, human trust needs, and physical execution requirements.",6,6,"routine/process structure likely overweighted","Procurement Analyst (operations/logistics) appears overestimated by 6 points versus human-prior benchmark."
"ONET-00175","Executive Assistant","administration/support","Conventional","Social",36,69,37,"Medium",43,"Conservative prior: automability pressure from routine/process structure is balanced against judgment/accountability, human trust needs, and physical execution requirements.",-6,6,"AI disruption pressure likely underweighted","Executive Assistant (administration/support) appears underestimated by 6 points versus human-prior benchmark."
"ONET-00176","Client Services Coordinator","administration/support","Conventional","Social",36,69,37,"Medium",43,"Conservative prior: automability pressure from routine/process structure is balanced against judgment/accountability, human trust needs, and physical execution requirements.",-6,6,"AI disruption pressure likely underweighted","Client Services Coordinator (administration/support) appears underestimated by 6 points versus human-prior benchmark."
"ONET-00177","Office Administrator","administration/support","Conventional","Social",36,69,37,"Medium",43,"Conservative prior: automability pressure from routine/process structure is balanced against judgment/accountability, human trust needs, and physical execution requirements.",-6,6,"AI disruption pressure likely underweighted","Office Administrator (administration/support) appears underestimated by 6 points versus human-prior benchmark."
"ONET-00083","High School Teacher","education","Social","Artistic",36,69,37,"Low",32,"Conservative prior: automability pressure from routine/process structure is balanced against judgment/accountability, human trust needs, and physical execution requirements.",5,5,"decision consequence/accountability underweighted","High School Teacher (education) appears overestimated by 5 points versus human-prior benchmark."
"ONET-00084","Elementary Teacher","education","Social","Artistic",36,69,37,"Low",32,"Conservative prior: automability pressure from routine/process structure is balanced against judgment/accountability, human trust needs, and physical execution requirements.",5,5,"decision consequence/accountability underweighted","Elementary Teacher (education) appears overestimated by 5 points versus human-prior benchmark."
"ONET-00085","Special Education Teacher","education","Social","Artistic",36,69,37,"Low",32,"Conservative prior: automability pressure from routine/process structure is balanced against judgment/accountability, human trust needs, and physical execution requirements.",5,5,"decision consequence/accountability underweighted","Special Education Teacher (education) appears overestimated by 5 points versus human-prior benchmark."
"ONET-00086","Academic Advisor","education","Social","Artistic",36,69,37,"Low",32,"Conservative prior: automability pressure from routine/process structure is balanced against judgment/accountability, human trust needs, and physical execution requirements.",5,5,"decision consequence/accountability underweighted","Academic Advisor (education) appears overestimated by 5 points versus human-prior benchmark."
"ONET-00117","Automation Engineer","engineering/manufacturing","Investigative","Realistic",42,67,40,"Low",35,"Conservative prior: automability pressure from routine/process structure is balanced against judgment/accountability, human trust needs, and physical execution requirements.",5,5,"decision consequence/accountability underweighted","Automation Engineer (engineering/manufacturing) appears overestimated by 5 points versus human-prior benchmark."
"ONET-00118","Robotics Engineer","engineering/manufacturing","Investigative","Realistic",42,67,40,"Low",35,"Conservative prior: automability pressure from routine/process structure is balanced against judgment/accountability, human trust needs, and physical execution requirements.",5,5,"decision consequence/accountability underweighted","Robotics Engineer (engineering/manufacturing) appears overestimated by 5 points versus human-prior benchmark."
"ONET-00119","Digital Twin Engineer","engineering/manufacturing","Investigative","Realistic",42,67,40,"Low",35,"Conservative prior: automability pressure from routine/process structure is balanced against judgment/accountability, human trust needs, and physical execution requirements.",5,5,"decision consequence/accountability underweighted","Digital Twin Engineer (engineering/manufacturing) appears overestimated by 5 points versus human-prior benchmark."
"ONET-00120","Manufacturing Data Engineer","engineering/manufacturing","Investigative","Realistic",42,67,40,"Low",35,"Conservative prior: automability pressure from routine/process structure is balanced against judgment/accountability, human trust needs, and physical execution requirements.",5,5,"decision consequence/accountability underweighted","Manufacturing Data Engineer (engineering/manufacturing) appears overestimated by 5 points versus human-prior benchmark."
"ONET-00150","HR Analyst","HR/people operations","Conventional","Realistic",57,49,53,"Medium",48,"Conservative prior: automability pressure from routine/process structure is balanced against judgment/accountability, human trust needs, and physical execution requirements.",5,5,"routine/process structure likely overweighted","HR Analyst (HR/people operations) appears overestimated by 5 points versus human-prior benchmark."
"ONET-00151","Payroll HR Specialist","HR/people operations","Conventional","Realistic",57,49,53,"Medium",48,"Conservative prior: automability pressure from routine/process structure is balanced against judgment/accountability, human trust needs, and physical execution requirements.",5,5,"routine/process structure likely overweighted","Payroll HR Specialist (HR/people operations) appears overestimated by 5 points versus human-prior benchmark."
"ONET-00152","Compensation Analyst","HR/people operations","Conventional","Realistic",57,49,53,"Medium",48,"Conservative prior: automability pressure from routine/process structure is balanced against judgment/accountability, human trust needs, and physical execution requirements.",5,5,"routine/process structure likely overweighted","Compensation Analyst (HR/people operations) appears overestimated by 5 points versus human-prior benchmark."
"ONET-00153","Learning and Development Specialist","HR/people operations","Conventional","Realistic",57,49,53,"Medium",48,"Conservative prior: automability pressure from routine/process structure is balanced against judgment/accountability, human trust needs, and physical execution requirements.",5,5,"routine/process structure likely overweighted","Learning and Development Specialist (HR/people operations) appears overestimated by 5 points versus human-prior benchmark."
"ONET-00167","Supply Chain Manager","operations/logistics","Conventional","Realistic",31,74,33,"Low",38,"Conservative prior: automability pressure from routine/process structure is balanced against judgment/accountability, human trust needs, and physical execution requirements.",-5,5,"AI disruption pressure likely underweighted","Supply Chain Manager (operations/logistics) appears underestimated by 5 points versus human-prior benchmark."
"ONET-00168","Procurement Manager","operations/logistics","Conventional","Realistic",31,74,33,"Low",38,"Conservative prior: automability pressure from routine/process structure is balanced against judgment/accountability, human trust needs, and physical execution requirements.",-5,5,"AI disruption pressure likely underweighted","Procurement Manager (operations/logistics) appears underestimated by 5 points versus human-prior benchmark."
"ONET-00169","Director of Logistics","operations/logistics","Conventional","Realistic",31,74,33,"Low",38,"Conservative prior: automability pressure from routine/process structure is balanced against judgment/accountability, human trust needs, and physical execution requirements.",-5,5,"AI disruption pressure likely underweighted","Director of Logistics (operations/logistics) appears underestimated by 5 points versus human-prior benchmark."
"ONET-00170","Fulfillment Operations Manager","operations/logistics","Conventional","Realistic",31,74,33,"Low",38,"Conservative prior: automability pressure from routine/process structure is balanced against judgment/accountability, human trust needs, and physical execution requirements.",-5,5,"AI disruption pressure likely underweighted","Fulfillment Operations Manager (operations/logistics) appears underestimated by 5 points versus human-prior benchmark."
"ONET-00181","Research Engineer","science/research","Investigative","Conventional",50,58,47,"Medium",42,"Conservative prior: automability pressure from routine/process structure is balanced against judgment/accountability, human trust needs, and physical execution requirements.",5,5,"physical presence/hands-on execution underweighted","Research Engineer (science/research) appears overestimated by 5 points versus human-prior benchmark."
"ONET-00182","Laboratory Research Scientist","science/research","Investigative","Conventional",50,58,47,"Medium",42,"Conservative prior: automability pressure from routine/process structure is balanced against judgment/accountability, human trust needs, and physical execution requirements.",5,5,"physical presence/hands-on execution underweighted","Laboratory Research Scientist (science/research) appears overestimated by 5 points versus human-prior benchmark."
"ONET-00183","Biostatistician","science/research","Investigative","Conventional",50,58,47,"Medium",42,"Conservative prior: automability pressure from routine/process structure is balanced against judgment/accountability, human trust needs, and physical execution requirements.",5,5,"physical presence/hands-on execution underweighted","Biostatistician (science/research) appears overestimated by 5 points versus human-prior benchmark."
"ONET-00184","Materials Scientist","science/research","Investigative","Conventional",50,58,47,"Medium",42,"Conservative prior: automability pressure from routine/process structure is balanced against judgment/accountability, human trust needs, and physical execution requirements.",5,5,"physical presence/hands-on execution underweighted","Materials Scientist (science/research) appears overestimated by 5 points versus human-prior benchmark."
"ONET-00011","Financial Controller","finance/accounting","Conventional","Enterprising",31,74,33,"Low",37,"Conservative prior: automability pressure from routine/process structure is balanced against judgment/accountability, human trust needs, and physical execution requirements.",-4,4,"AI disruption pressure likely underweighted","Financial Controller (finance/accounting) appears underestimated by 4 points versus human-prior benchmark."
"ONET-00012","Finance Manager","finance/accounting","Conventional","Enterprising",31,74,33,"Low",37,"Conservative prior: automability pressure from routine/process structure is balanced against judgment/accountability, human trust needs, and physical execution requirements.",-4,4,"AI disruption pressure likely underweighted","Finance Manager (finance/accounting) appears underestimated by 4 points versus human-prior benchmark."
"ONET-00013","FP&A Manager","finance/accounting","Conventional","Enterprising",31,74,33,"Low",37,"Conservative prior: automability pressure from routine/process structure is balanced against judgment/accountability, human trust needs, and physical execution requirements.",-4,4,"AI disruption pressure likely underweighted","FP&A Manager (finance/accounting) appears underestimated by 4 points versus human-prior benchmark."
"ONET-00014","Risk Manager","finance/accounting","Conventional","Enterprising",31,74,33,"Low",37,"Conservative prior: automability pressure from routine/process structure is balanced against judgment/accountability, human trust needs, and physical execution requirements.",-4,4,"AI disruption pressure likely underweighted","Risk Manager (finance/accounting) appears underestimated by 4 points versus human-prior benchmark."
"ONET-00023","Corporate Lawyer","legal/compliance","Conventional","Investigative",31,74,33,"Low",29,"Conservative prior: automability pressure from routine/process structure is balanced against judgment/accountability, human trust needs, and physical execution requirements.",4,4,"decision consequence/accountability underweighted","Corporate Lawyer (legal/compliance) appears overestimated by 4 points versus human-prior benchmark."
"ONET-00024","Employment Lawyer","legal/compliance","Conventional","Investigative",31,74,33,"Low",29,"Conservative prior: automability pressure from routine/process structure is balanced against judgment/accountability, human trust needs, and physical execution requirements.",4,4,"decision consequence/accountability underweighted","Employment Lawyer (legal/compliance) appears overestimated by 4 points versus human-prior benchmark."
"ONET-00025","General Counsel","legal/compliance","Conventional","Investigative",31,74,33,"Low",29,"Conservative prior: automability pressure from routine/process structure is balanced against judgment/accountability, human trust needs, and physical execution requirements.",4,4,"decision consequence/accountability underweighted","General Counsel (legal/compliance) appears overestimated by 4 points versus human-prior benchmark."
"ONET-00026","Chief Compliance Officer","legal/compliance","Conventional","Investigative",31,74,33,"Low",29,"Conservative prior: automability pressure from routine/process structure is balanced against judgment/accountability, human trust needs, and physical execution requirements.",4,4,"decision consequence/accountability underweighted","Chief Compliance Officer (legal/compliance) appears overestimated by 4 points versus human-prior benchmark."
"ONET-00171","Data Entry Clerk","administration/support","Conventional","Social",75,33,67,"High",63,"Conservative prior: automability pressure from routine/process structure is balanced against judgment/accountability, human trust needs, and physical execution requirements.",4,4,"routine/process structure likely overweighted","Data Entry Clerk (administration/support) appears overestimated by 4 points versus human-prior benchmark."
"ONET-00172","Administrative Assistant","administration/support","Conventional","Social",75,33,67,"High",63,"Conservative prior: automability pressure from routine/process structure is balanced against judgment/accountability, human trust needs, and physical execution requirements.",4,4,"routine/process structure likely overweighted","Administrative Assistant (administration/support) appears overestimated by 4 points versus human-prior benchmark."
"ONET-00173","Receptionist","administration/support","Conventional","Social",75,33,67,"High",63,"Conservative prior: automability pressure from routine/process structure is balanced against judgment/accountability, human trust needs, and physical execution requirements.",4,4,"routine/process structure likely overweighted","Receptionist (administration/support) appears overestimated by 4 points versus human-prior benchmark."
"ONET-00174","Scheduling Coordinator","administration/support","Conventional","Social",75,33,67,"High",63,"Conservative prior: automability pressure from routine/process structure is balanced against judgment/accountability, human trust needs, and physical execution requirements.",4,4,"routine/process structure likely overweighted","Scheduling Coordinator (administration/support) appears overestimated by 4 points versus human-prior benchmark."
"ONET-00185","Clinical Research Associate","science/research","Investigative","Conventional",43,64,42,"Low",38,"Conservative prior: automability pressure from routine/process structure is balanced against judgment/accountability, human trust needs, and physical execution requirements.",4,4,"decision consequence/accountability underweighted","Clinical Research Associate (science/research) appears overestimated by 4 points versus human-prior benchmark."
"ONET-00186","Research Data Manager","science/research","Investigative","Conventional",43,64,42,"Low",38,"Conservative prior: automability pressure from routine/process structure is balanced against judgment/accountability, human trust needs, and physical execution requirements.",4,4,"decision consequence/accountability underweighted","Research Data Manager (science/research) appears overestimated by 4 points versus human-prior benchmark."
"ONET-00187","Environmental Scientist","science/research","Investigative","Conventional",43,64,42,"Low",38,"Conservative prior: automability pressure from routine/process structure is balanced against judgment/accountability, human trust needs, and physical execution requirements.",4,4,"decision consequence/accountability underweighted","Environmental Scientist (science/research) appears overestimated by 4 points versus human-prior benchmark."
"ONET-00188","Behavioral Scientist","science/research","Investigative","Conventional",43,62,42,"Low",38,"Conservative prior: automability pressure from routine/process structure is balanced against judgment/accountability, human trust needs, and physical execution requirements.",4,4,"routine/process structure likely overweighted","Behavioral Scientist (science/research) appears overestimated by 4 points versus human-prior benchmark."
"ONET-00189","Policy Research Analyst","science/research","Investigative","Conventional",43,62,42,"Low",38,"Conservative prior: automability pressure from routine/process structure is balanced against judgment/accountability, human trust needs, and physical execution requirements.",4,4,"routine/process structure likely overweighted","Policy Research Analyst (science/research) appears overestimated by 4 points versus human-prior benchmark."
"ONET-00190","UX Researcher","science/research","Investigative","Conventional",43,62,42,"Low",38,"Conservative prior: automability pressure from routine/process structure is balanced against judgment/accountability, human trust needs, and physical execution requirements.",4,4,"routine/process structure likely overweighted","UX Researcher (science/research) appears overestimated by 4 points versus human-prior benchmark."
"ONET-00038","Database Administrator","software/technology","Investigative","Realistic",50,58,47,"Medium",44,"Conservative prior: automability pressure from routine/process structure is balanced against judgment/accountability, human trust needs, and physical execution requirements.",3,3,"physical presence/hands-on execution underweighted","Database Administrator (software/technology) appears overestimated by 3 points versus human-prior benchmark."
"ONET-00039","Platform Engineer","software/technology","Investigative","Realistic",50,58,47,"Medium",44,"Conservative prior: automability pressure from routine/process structure is balanced against judgment/accountability, human trust needs, and physical execution requirements.",3,3,"physical presence/hands-on execution underweighted","Platform Engineer (software/technology) appears overestimated by 3 points versus human-prior benchmark."
"ONET-00040","Infrastructure Engineer","software/technology","Investigative","Realistic",50,58,47,"Medium",44,"Conservative prior: automability pressure from routine/process structure is balanced against judgment/accountability, human trust needs, and physical execution requirements.",3,3,"physical presence/hands-on execution underweighted","Infrastructure Engineer (software/technology) appears overestimated by 3 points versus human-prior benchmark."
"ONET-00041","Enterprise Architect","software/technology","Investigative","Realistic",50,58,47,"Medium",44,"Conservative prior: automability pressure from routine/process structure is balanced against judgment/accountability, human trust needs, and physical execution requirements.",3,3,"physical presence/hands-on execution underweighted","Enterprise Architect (software/technology) appears overestimated by 3 points versus human-prior benchmark."
"ONET-00042","Embedded Systems Engineer","software/technology","Investigative","Realistic",50,58,47,"Medium",44,"Conservative prior: automability pressure from routine/process structure is balanced against judgment/accountability, human trust needs, and physical execution requirements.",3,3,"physical presence/hands-on execution underweighted","Embedded Systems Engineer (software/technology) appears overestimated by 3 points versus human-prior benchmark."
"ONET-00043","Data Annotation Specialist","AI/data","Conventional","Social",57,49,53,"Medium",51,"Conservative prior: automability pressure from routine/process structure is balanced against judgment/accountability, human trust needs, and physical execution requirements.",2,2,"routine/process structure likely overweighted","Data Annotation Specialist (AI/data) appears overestimated by 2 points versus human-prior benchmark."
"ONET-00044","BI Reporting Analyst","AI/data","Conventional","Social",57,49,53,"Medium",51,"Conservative prior: automability pressure from routine/process structure is balanced against judgment/accountability, human trust needs, and physical execution requirements.",2,2,"routine/process structure likely overweighted","BI Reporting Analyst (AI/data) appears overestimated by 2 points versus human-prior benchmark."
"ONET-00045","SQL Analyst","AI/data","Conventional","Social",57,49,53,"Medium",51,"Conservative prior: automability pressure from routine/process structure is balanced against judgment/accountability, human trust needs, and physical execution requirements.",2,2,"routine/process structure likely overweighted","SQL Analyst (AI/data) appears overestimated by 2 points versus human-prior benchmark."
"ONET-00046","Data Quality Analyst","AI/data","Conventional","Social",57,49,53,"Medium",51,"Conservative prior: automability pressure from routine/process structure is balanced against judgment/accountability, human trust needs, and physical execution requirements.",2,2,"routine/process structure likely overweighted","Data Quality Analyst (AI/data) appears overestimated by 2 points versus human-prior benchmark."
"ONET-00133","Graphic Designer","marketing/creative","Artistic","Enterprising",33,70,35,"Low",33,"Conservative prior: automability pressure from routine/process structure is balanced against judgment/accountability, human trust needs, and physical execution requirements.",2,2,"routine/process structure likely overweighted","Graphic Designer (marketing/creative) appears overestimated by 2 points versus human-prior benchmark."
"ONET-00134","Marketing Copywriter","marketing/creative","Artistic","Enterprising",33,70,35,"Low",33,"Conservative prior: automability pressure from routine/process structure is balanced against judgment/accountability, human trust needs, and physical execution requirements.",2,2,"routine/process structure likely overweighted","Marketing Copywriter (marketing/creative) appears overestimated by 2 points versus human-prior benchmark."
"ONET-00135","Content Strategist","marketing/creative","Artistic","Enterprising",33,70,35,"Low",33,"Conservative prior: automability pressure from routine/process structure is balanced against judgment/accountability, human trust needs, and physical execution requirements.",2,2,"routine/process structure likely overweighted","Content Strategist (marketing/creative) appears overestimated by 2 points versus human-prior benchmark."
"ONET-00136","Brand Designer","marketing/creative","Artistic","Enterprising",33,70,35,"Low",33,"Conservative prior: automability pressure from routine/process structure is balanced against judgment/accountability, human trust needs, and physical execution requirements.",2,2,"routine/process structure likely overweighted","Brand Designer (marketing/creative) appears overestimated by 2 points versus human-prior benchmark."
"ONET-00137","Video Producer","marketing/creative","Artistic","Enterprising",33,70,35,"Low",33,"Conservative prior: automability pressure from routine/process structure is balanced against judgment/accountability, human trust needs, and physical execution requirements.",2,2,"routine/process structure likely overweighted","Video Producer (marketing/creative) appears overestimated by 2 points versus human-prior benchmark."
"ONET-00138","Digital Marketing Manager","marketing/creative","Artistic","Enterprising",42,67,40,"Low",38,"Conservative prior: automability pressure from routine/process structure is balanced against judgment/accountability, human trust needs, and physical execution requirements.",2,2,"decision consequence/accountability underweighted","Digital Marketing Manager (marketing/creative) appears overestimated by 2 points versus human-prior benchmark."
"ONET-00139","SEO Specialist","marketing/creative","Artistic","Enterprising",42,67,40,"Low",38,"Conservative prior: automability pressure from routine/process structure is balanced against judgment/accountability, human trust needs, and physical execution requirements.",2,2,"decision consequence/accountability underweighted","SEO Specialist (marketing/creative) appears overestimated by 2 points versus human-prior benchmark."
"ONET-00140","Performance Marketing Analyst","marketing/creative","Artistic","Enterprising",42,67,40,"Low",38,"Conservative prior: automability pressure from routine/process structure is balanced against judgment/accountability, human trust needs, and physical execution requirements.",2,2,"decision consequence/accountability underweighted","Performance Marketing Analyst (marketing/creative) appears overestimated by 2 points versus human-prior benchmark."
"ONET-00141","Marketing Automation Manager","marketing/creative","Artistic","Enterprising",42,67,40,"Low",38,"Conservative prior: automability pressure from routine/process structure is balanced against judgment/accountability, human trust needs, and physical execution requirements.",2,2,"decision consequence/accountability underweighted","Marketing Automation Manager (marketing/creative) appears overestimated by 2 points versus human-prior benchmark."
"ONET-00142","Social Media Strategist","marketing/creative","Artistic","Enterprising",42,67,40,"Low",38,"Conservative prior: automability pressure from routine/process structure is balanced against judgment/accountability, human trust needs, and physical execution requirements.",2,2,"decision consequence/accountability underweighted","Social Media Strategist (marketing/creative) appears overestimated by 2 points versus human-prior benchmark."
"ONET-00005","Tax Accountant","finance/accounting","Conventional","Enterprising",57,49,53,"Medium",52,"Conservative prior: automability pressure from routine/process structure is balanced against judgment/accountability, human trust needs, and physical execution requirements.",1,1,"routine/process structure likely overweighted","Tax Accountant (finance/accounting) appears overestimated by 1 points versus human-prior benchmark."
"ONET-00006","Audit Associate","finance/accounting","Conventional","Enterprising",57,49,53,"Medium",52,"Conservative prior: automability pressure from routine/process structure is balanced against judgment/accountability, human trust needs, and physical execution requirements.",1,1,"routine/process structure likely overweighted","Audit Associate (finance/accounting) appears overestimated by 1 points versus human-prior benchmark."
"ONET-00007","Budget Analyst","finance/accounting","Conventional","Enterprising",57,49,53,"Medium",52,"Conservative prior: automability pressure from routine/process structure is balanced against judgment/accountability, human trust needs, and physical execution requirements.",1,1,"routine/process structure likely overweighted","Budget Analyst (finance/accounting) appears overestimated by 1 points versus human-prior benchmark."
"ONET-00008","Treasury Analyst","finance/accounting","Conventional","Enterprising",57,49,53,"Medium",52,"Conservative prior: automability pressure from routine/process structure is balanced against judgment/accountability, human trust needs, and physical execution requirements.",1,1,"routine/process structure likely overweighted","Treasury Analyst (finance/accounting) appears overestimated by 1 points versus human-prior benchmark."
"ONET-00009","Credit Analyst","finance/accounting","Conventional","Enterprising",57,49,53,"Medium",52,"Conservative prior: automability pressure from routine/process structure is balanced against judgment/accountability, human trust needs, and physical execution requirements.",1,1,"routine/process structure likely overweighted","Credit Analyst (finance/accounting) appears overestimated by 1 points versus human-prior benchmark."
"ONET-00010","Revenue Operations Analyst","finance/accounting","Conventional","Enterprising",57,49,53,"Medium",52,"Conservative prior: automability pressure from routine/process structure is balanced against judgment/accountability, human trust needs, and physical execution requirements.",1,1,"routine/process structure likely overweighted","Revenue Operations Analyst (finance/accounting) appears overestimated by 1 points versus human-prior benchmark."
"ONET-00047","Machine Learning Engineer","AI/data","Conventional","Social",42,67,40,"Medium",41,"Conservative prior: automability pressure from routine/process structure is balanced against judgment/accountability, human trust needs, and physical execution requirements.",-1,1,"AI disruption pressure likely underweighted","Machine Learning Engineer (AI/data) appears underestimated by 1 points versus human-prior benchmark."
"ONET-00048","Data Scientist","AI/data","Conventional","Social",42,67,40,"Medium",41,"Conservative prior: automability pressure from routine/process structure is balanced against judgment/accountability, human trust needs, and physical execution requirements.",-1,1,"AI disruption pressure likely underweighted","Data Scientist (AI/data) appears underestimated by 1 points versus human-prior benchmark."
"ONET-00049","AI Product Analyst","AI/data","Conventional","Social",42,67,40,"Medium",41,"Conservative prior: automability pressure from routine/process structure is balanced against judgment/accountability, human trust needs, and physical execution requirements.",-1,1,"AI disruption pressure likely underweighted","AI Product Analyst (AI/data) appears underestimated by 1 points versus human-prior benchmark."
"ONET-00050","MLOps Engineer","AI/data","Conventional","Social",42,67,40,"Medium",41,"Conservative prior: automability pressure from routine/process structure is balanced against judgment/accountability, human trust needs, and physical execution requirements.",-1,1,"AI disruption pressure likely underweighted","MLOps Engineer (AI/data) appears underestimated by 1 points versus human-prior benchmark."
"ONET-00051","AI Research Scientist","AI/data","Conventional","Social",43,62,42,"Medium",41,"Conservative prior: automability pressure from routine/process structure is balanced against judgment/accountability, human trust needs, and physical execution requirements.",1,1,"routine/process structure likely overweighted","AI Research Scientist (AI/data) appears overestimated by 1 points versus human-prior benchmark."
"ONET-00052","Applied Scientist","AI/data","Conventional","Social",43,62,42,"Medium",41,"Conservative prior: automability pressure from routine/process structure is balanced against judgment/accountability, human trust needs, and physical execution requirements.",1,1,"routine/process structure likely overweighted","Applied Scientist (AI/data) appears overestimated by 1 points versus human-prior benchmark."
"ONET-00053","Quantitative Researcher","AI/data","Conventional","Social",43,62,42,"Medium",41,"Conservative prior: automability pressure from routine/process structure is balanced against judgment/accountability, human trust needs, and physical execution requirements.",1,1,"routine/process structure likely overweighted","Quantitative Researcher (AI/data) appears overestimated by 1 points versus human-prior benchmark."
"ONET-00054","Computer Vision Engineer","AI/data","Conventional","Social",43,62,42,"Medium",41,"Conservative prior: automability pressure from routine/process structure is balanced against judgment/accountability, human trust needs, and physical execution requirements.",1,1,"routine/process structure likely overweighted","Computer Vision Engineer (AI/data) appears overestimated by 1 points versus human-prior benchmark."
"ONET-00055","Project Manager","management/leadership","Enterprising","Social",36,69,37,"Low",36,"Conservative prior: automability pressure from routine/process structure is balanced against judgment/accountability, human trust needs, and physical execution requirements.",1,1,"decision consequence/accountability underweighted","Project Manager (management/leadership) appears overestimated by 1 points versus human-prior benchmark."
"ONET-00056","Program Manager","management/leadership","Enterprising","Social",36,69,37,"Low",36,"Conservative prior: automability pressure from routine/process structure is balanced against judgment/accountability, human trust needs, and physical execution requirements.",1,1,"decision consequence/accountability underweighted","Program Manager (management/leadership) appears overestimated by 1 points versus human-prior benchmark."
"ONET-00057","Operations Manager","management/leadership","Enterprising","Social",36,69,37,"Low",36,"Conservative prior: automability pressure from routine/process structure is balanced against judgment/accountability, human trust needs, and physical execution requirements.",1,1,"decision consequence/accountability underweighted","Operations Manager (management/leadership) appears overestimated by 1 points versus human-prior benchmark."
"ONET-00058","Customer Operations Manager","management/leadership","Enterprising","Social",36,69,37,"Low",36,"Conservative prior: automability pressure from routine/process structure is balanced against judgment/accountability, human trust needs, and physical execution requirements.",1,1,"decision consequence/accountability underweighted","Customer Operations Manager (management/leadership) appears overestimated by 1 points versus human-prior benchmark."
"ONET-00059","Retail Store Manager","management/leadership","Enterprising","Social",36,69,37,"Low",36,"Conservative prior: automability pressure from routine/process structure is balanced against judgment/accountability, human trust needs, and physical execution requirements.",1,1,"decision consequence/accountability underweighted","Retail Store Manager (management/leadership) appears overestimated by 1 points versus human-prior benchmark."
"ONET-00121","Account Executive","sales/customer success","Enterprising","Social",36,69,37,"Low",36,"Conservative prior: automability pressure from routine/process structure is balanced against judgment/accountability, human trust needs, and physical execution requirements.",1,1,"decision consequence/accountability underweighted","Account Executive (sales/customer success) appears overestimated by 1 points versus human-prior benchmark."
"ONET-00122","Customer Success Manager","sales/customer success","Enterprising","Social",36,69,37,"Low",36,"Conservative prior: automability pressure from routine/process structure is balanced against judgment/accountability, human trust needs, and physical execution requirements.",1,1,"decision consequence/accountability underweighted","Customer Success Manager (sales/customer success) appears overestimated by 1 points versus human-prior benchmark."
"ONET-00123","Enterprise Account Manager","sales/customer success","Enterprising","Social",36,69,37,"Low",36,"Conservative prior: automability pressure from routine/process structure is balanced against judgment/accountability, human trust needs, and physical execution requirements.",1,1,"decision consequence/accountability underweighted","Enterprise Account Manager (sales/customer success) appears overestimated by 1 points versus human-prior benchmark."
"ONET-00124","Solutions Consultant","sales/customer success","Enterprising","Social",36,69,37,"Low",36,"Conservative prior: automability pressure from routine/process structure is balanced against judgment/accountability, human trust needs, and physical execution requirements.",1,1,"decision consequence/accountability underweighted","Solutions Consultant (sales/customer success) appears overestimated by 1 points versus human-prior benchmark."
"ONET-00147","HR Generalist","HR/people operations","Conventional","Realistic",36,69,37,"Low",36,"Conservative prior: automability pressure from routine/process structure is balanced against judgment/accountability, human trust needs, and physical execution requirements.",1,1,"decision consequence/accountability underweighted","HR Generalist (HR/people operations) appears overestimated by 1 points versus human-prior benchmark."
"ONET-00148","Talent Acquisition Partner","HR/people operations","Conventional","Realistic",36,69,37,"Low",36,"Conservative prior: automability pressure from routine/process structure is balanced against judgment/accountability, human trust needs, and physical execution requirements.",1,1,"decision consequence/accountability underweighted","Talent Acquisition Partner (HR/people operations) appears overestimated by 1 points versus human-prior benchmark."
"ONET-00149","People Operations Manager","HR/people operations","Conventional","Realistic",36,69,37,"Low",36,"Conservative prior: automability pressure from routine/process structure is balanced against judgment/accountability, human trust needs, and physical execution requirements.",1,1,"decision consequence/accountability underweighted","People Operations Manager (HR/people operations) appears overestimated by 1 points versus human-prior benchmark."
"ONET-00162","Procurement Specialist","operations/logistics","Conventional","Realistic",49,51,49,"Medium",48,"Conservative prior: automability pressure from routine/process structure is balanced against judgment/accountability, human trust needs, and physical execution requirements.",1,1,"human trust/relationship depth underweighted","Procurement Specialist (operations/logistics) appears overestimated by 1 points versus human-prior benchmark."
"ONET-00163","Warehouse Manager","operations/logistics","Conventional","Realistic",49,51,49,"Medium",48,"Conservative prior: automability pressure from routine/process structure is balanced against judgment/accountability, human trust needs, and physical execution requirements.",1,1,"human trust/relationship depth underweighted","Warehouse Manager (operations/logistics) appears overestimated by 1 points versus human-prior benchmark."
"ONET-00164","Distribution Manager","operations/logistics","Conventional","Realistic",49,51,49,"Medium",48,"Conservative prior: automability pressure from routine/process structure is balanced against judgment/accountability, human trust needs, and physical execution requirements.",1,1,"human trust/relationship depth underweighted","Distribution Manager (operations/logistics) appears overestimated by 1 points versus human-prior benchmark."
"ONET-00165","Fleet Manager","operations/logistics","Conventional","Realistic",49,51,49,"Medium",48,"Conservative prior: automability pressure from routine/process structure is balanced against judgment/accountability, human trust needs, and physical execution requirements.",1,1,"human trust/relationship depth underweighted","Fleet Manager (operations/logistics) appears overestimated by 1 points versus human-prior benchmark."
"ONET-00166","Operations Coordinator","operations/logistics","Conventional","Realistic",49,51,49,"Medium",48,"Conservative prior: automability pressure from routine/process structure is balanced against judgment/accountability, human trust needs, and physical execution requirements.",1,1,"human trust/relationship depth underweighted","Operations Coordinator (operations/logistics) appears overestimated by 1 points versus human-prior benchmark."
"ONET-00178","Case Management Assistant","administration/support","Conventional","Social",49,51,49,"Medium",50,"Conservative prior: automability pressure from routine/process structure is balanced against judgment/accountability, human trust needs, and physical execution requirements.",-1,1,"AI disruption pressure likely underweighted","Case Management Assistant (administration/support) appears underestimated by 1 points versus human-prior benchmark."
"ONET-00179","Project Coordinator","administration/support","Conventional","Social",49,51,49,"Medium",50,"Conservative prior: automability pressure from routine/process structure is balanced against judgment/accountability, human trust needs, and physical execution requirements.",-1,1,"AI disruption pressure likely underweighted","Project Coordinator (administration/support) appears underestimated by 1 points versus human-prior benchmark."
"ONET-00180","Documentation Specialist","administration/support","Conventional","Social",49,51,49,"Medium",50,"Conservative prior: automability pressure from routine/process structure is balanced against judgment/accountability, human trust needs, and physical execution requirements.",-1,1,"AI disruption pressure likely underweighted","Documentation Specialist (administration/support) appears underestimated by 1 points versus human-prior benchmark."
"ONET-00032","Senior Software Engineer","software/technology","Investigative","Realistic",42,67,40,"Medium",40,"Conservative prior: automability pressure from routine/process structure is balanced against judgment/accountability, human trust needs, and physical execution requirements.",0,0,"AI disruption pressure likely underweighted","Senior Software Engineer (software/technology) appears underestimated by 0 points versus human-prior benchmark."
"ONET-00033","DevOps Engineer","software/technology","Investigative","Realistic",42,67,40,"Medium",40,"Conservative prior: automability pressure from routine/process structure is balanced against judgment/accountability, human trust needs, and physical execution requirements.",0,0,"AI disruption pressure likely underweighted","DevOps Engineer (software/technology) appears underestimated by 0 points versus human-prior benchmark."
"ONET-00034","Site Reliability Engineer","software/technology","Investigative","Realistic",42,67,40,"Medium",40,"Conservative prior: automability pressure from routine/process structure is balanced against judgment/accountability, human trust needs, and physical execution requirements.",0,0,"AI disruption pressure likely underweighted","Site Reliability Engineer (software/technology) appears underestimated by 0 points versus human-prior benchmark."
"ONET-00035","Cloud Engineer","software/technology","Investigative","Realistic",42,67,40,"Medium",40,"Conservative prior: automability pressure from routine/process structure is balanced against judgment/accountability, human trust needs, and physical execution requirements.",0,0,"AI disruption pressure likely underweighted","Cloud Engineer (software/technology) appears underestimated by 0 points versus human-prior benchmark."
"ONET-00036","Cybersecurity Engineer","software/technology","Investigative","Realistic",42,67,40,"Medium",40,"Conservative prior: automability pressure from routine/process structure is balanced against judgment/accountability, human trust needs, and physical execution requirements.",0,0,"AI disruption pressure likely underweighted","Cybersecurity Engineer (software/technology) appears underestimated by 0 points versus human-prior benchmark."
"ONET-00037","Solutions Architect","software/technology","Investigative","Realistic",42,67,40,"Medium",40,"Conservative prior: automability pressure from routine/process structure is balanced against judgment/accountability, human trust needs, and physical execution requirements.",0,0,"AI disruption pressure likely underweighted","Solutions Architect (software/technology) appears underestimated by 0 points versus human-prior benchmark."
"ONET-00060","Product Manager","management/leadership","Enterprising","Social",31,74,33,"Low",33,"Conservative prior: automability pressure from routine/process structure is balanced against judgment/accountability, human trust needs, and physical execution requirements.",0,0,"AI disruption pressure likely underweighted","Product Manager (management/leadership) appears underestimated by 0 points versus human-prior benchmark."
"ONET-00061","Director of Operations","management/leadership","Enterprising","Social",31,74,33,"Low",33,"Conservative prior: automability pressure from routine/process structure is balanced against judgment/accountability, human trust needs, and physical execution requirements.",0,0,"AI disruption pressure likely underweighted","Director of Operations (management/leadership) appears underestimated by 0 points versus human-prior benchmark."
"ONET-00062","Chief of Staff","management/leadership","Enterprising","Social",31,74,33,"Low",33,"Conservative prior: automability pressure from routine/process structure is balanced against judgment/accountability, human trust needs, and physical execution requirements.",0,0,"AI disruption pressure likely underweighted","Chief of Staff (management/leadership) appears underestimated by 0 points versus human-prior benchmark."
"ONET-00063","Strategy Manager","management/leadership","Enterprising","Social",31,74,33,"Low",33,"Conservative prior: automability pressure from routine/process structure is balanced against judgment/accountability, human trust needs, and physical execution requirements.",0,0,"AI disruption pressure likely underweighted","Strategy Manager (management/leadership) appears underestimated by 0 points versus human-prior benchmark."
"ONET-00064","Business Unit Director","management/leadership","Enterprising","Social",31,74,33,"Low",33,"Conservative prior: automability pressure from routine/process structure is balanced against judgment/accountability, human trust needs, and physical execution requirements.",0,0,"AI disruption pressure likely underweighted","Business Unit Director (management/leadership) appears underestimated by 0 points versus human-prior benchmark."
"ONET-00129","Sales Manager","sales/customer success","Enterprising","Social",31,74,33,"Low",33,"Conservative prior: automability pressure from routine/process structure is balanced against judgment/accountability, human trust needs, and physical execution requirements.",0,0,"AI disruption pressure likely underweighted","Sales Manager (sales/customer success) appears underestimated by 0 points versus human-prior benchmark."
"ONET-00130","Partnerships Manager","sales/customer success","Enterprising","Social",31,74,33,"Low",33,"Conservative prior: automability pressure from routine/process structure is balanced against judgment/accountability, human trust needs, and physical execution requirements.",0,0,"AI disruption pressure likely underweighted","Partnerships Manager (sales/customer success) appears underestimated by 0 points versus human-prior benchmark."
"ONET-00131","Channel Manager","sales/customer success","Enterprising","Social",31,74,33,"Low",33,"Conservative prior: automability pressure from routine/process structure is balanced against judgment/accountability, human trust needs, and physical execution requirements.",0,0,"AI disruption pressure likely underweighted","Channel Manager (sales/customer success) appears underestimated by 0 points versus human-prior benchmark."
"ONET-00132","Customer Success Director","sales/customer success","Enterprising","Social",31,74,33,"Low",33,"Conservative prior: automability pressure from routine/process structure is balanced against judgment/accountability, human trust needs, and physical execution requirements.",0,0,"AI disruption pressure likely underweighted","Customer Success Director (sales/customer success) appears underestimated by 0 points versus human-prior benchmark."
"ONET-00143","Creative Director","marketing/creative","Artistic","Enterprising",31,74,33,"Low",33,"Conservative prior: automability pressure from routine/process structure is balanced against judgment/accountability, human trust needs, and physical execution requirements.",0,0,"AI disruption pressure likely underweighted","Creative Director (marketing/creative) appears underestimated by 0 points versus human-prior benchmark."
"ONET-00144","Brand Manager","marketing/creative","Artistic","Enterprising",31,74,33,"Low",33,"Conservative prior: automability pressure from routine/process structure is balanced against judgment/accountability, human trust needs, and physical execution requirements.",0,0,"AI disruption pressure likely underweighted","Brand Manager (marketing/creative) appears underestimated by 0 points versus human-prior benchmark."
"ONET-00145","Communications Director","marketing/creative","Artistic","Enterprising",31,74,33,"Low",33,"Conservative prior: automability pressure from routine/process structure is balanced against judgment/accountability, human trust needs, and physical execution requirements.",0,0,"AI disruption pressure likely underweighted","Communications Director (marketing/creative) appears underestimated by 0 points versus human-prior benchmark."
"ONET-00146","Product Marketing Manager","marketing/creative","Artistic","Enterprising",31,74,33,"Low",33,"Conservative prior: automability pressure from routine/process structure is balanced against judgment/accountability, human trust needs, and physical execution requirements.",0,0,"AI disruption pressure likely underweighted","Product Marketing Manager (marketing/creative) appears underestimated by 0 points versus human-prior benchmark."
"ONET-00154","HR Business Partner","HR/people operations","Conventional","Realistic",31,74,33,"Low",33,"Conservative prior: automability pressure from routine/process structure is balanced against judgment/accountability, human trust needs, and physical execution requirements.",0,0,"AI disruption pressure likely underweighted","HR Business Partner (HR/people operations) appears underestimated by 0 points versus human-prior benchmark."
"ONET-00155","Head of People","HR/people operations","Conventional","Realistic",31,74,33,"Low",33,"Conservative prior: automability pressure from routine/process structure is balanced against judgment/accountability, human trust needs, and physical execution requirements.",0,0,"AI disruption pressure likely underweighted","Head of People (HR/people operations) appears underestimated by 0 points versus human-prior benchmark."
"ONET-00156","Organizational Development Manager","HR/people operations","Conventional","Realistic",31,74,33,"Low",33,"Conservative prior: automability pressure from routine/process structure is balanced against judgment/accountability, human trust needs, and physical execution requirements.",0,0,"AI disruption pressure likely underweighted","Organizational Development Manager (HR/people operations) appears underestimated by 0 points versus human-prior benchmark."