job_title,category,primary_riasec_type,secondary_riasec_type,ilonaa_ai_risk_index,ai_exposure_score,career_resilience_score,key_risk_drivers,human_advantage_factors,recommended_next_moves
"Accounts Payable Specialist","finance/accounting","Conventional","Realistic",72,69,34,"Routine Task Patterns; Partial Task Automation; Limited Creative Differentiation","Adaptability; Specialized Expertise; Human-Centered Skills","Interdisciplinary Thinking; Strategic Communication; AI-Assisted Decision Making"
"Accounts Receivable Specialist","finance/accounting","Conventional","Realistic",72,69,34,"Routine Task Patterns; Partial Task Automation; Limited Creative Differentiation","Adaptability; Specialized Expertise; Human-Centered Skills","Interdisciplinary Thinking; Strategic Communication; AI-Assisted Decision Making"
"Bookkeeper","finance/accounting","Conventional","Realistic",72,69,34,"Routine Task Patterns; Partial Task Automation; Limited Creative Differentiation","Adaptability; Specialized Expertise; Human-Centered Skills","Interdisciplinary Thinking; Strategic Communication; AI-Assisted Decision Making"
"Payroll Specialist","finance/accounting","Conventional","Realistic",72,69,34,"Routine Task Patterns; Partial Task Automation; Limited Creative Differentiation","Adaptability; Specialized Expertise; Human-Centered Skills","Interdisciplinary Thinking; Strategic Communication; AI-Assisted Decision Making"
"Legal Secretary","legal/compliance","Conventional","Realistic",72,69,34,"Routine Task Patterns; Partial Task Automation; Limited Creative Differentiation","Adaptability; Specialized Expertise; Human-Centered Skills","Interdisciplinary Thinking; Strategic Communication; AI-Assisted Decision Making"
"Compliance Analyst","legal/compliance","Conventional","Realistic",72,69,34,"Routine Task Patterns; Partial Task Automation; Limited Creative Differentiation","Adaptability; Specialized Expertise; Human-Centered Skills","Interdisciplinary Thinking; Strategic Communication; AI-Assisted Decision Making"
"Contract Administrator","legal/compliance","Conventional","Realistic",72,69,34,"Routine Task Patterns; Partial Task Automation; Limited Creative Differentiation","Adaptability; Specialized Expertise; Human-Centered Skills","Interdisciplinary Thinking; Strategic Communication; AI-Assisted Decision Making"
"Junior QA Tester","software/technology","Conventional","Realistic",72,69,34,"Routine Task Patterns; Partial Task Automation; Limited Creative Differentiation","Adaptability; Specialized Expertise; Human-Centered Skills","Interdisciplinary Thinking; Strategic Communication; AI-Assisted Decision Making"
"Manual Test Analyst","software/technology","Conventional","Realistic",72,69,34,"Routine Task Patterns; Partial Task Automation; Limited Creative Differentiation","Adaptability; Specialized Expertise; Human-Centered Skills","Interdisciplinary Thinking; Strategic Communication; AI-Assisted Decision Making"
"Technical Support Specialist","software/technology","Conventional","Realistic",72,69,34,"Routine Task Patterns; Partial Task Automation; Limited Creative Differentiation","Adaptability; Specialized Expertise; Human-Centered Skills","Interdisciplinary Thinking; Strategic Communication; AI-Assisted Decision Making"
"Implementation Specialist","software/technology","Conventional","Realistic",72,69,34,"Routine Task Patterns; Partial Task Automation; Limited Creative Differentiation","Adaptability; Specialized Expertise; Human-Centered Skills","Interdisciplinary Thinking; Strategic Communication; AI-Assisted Decision Making"
"IT Helpdesk Analyst","software/technology","Conventional","Realistic",72,69,34,"Routine Task Patterns; Partial Task Automation; Limited Creative Differentiation","Adaptability; Specialized Expertise; Human-Centered Skills","Interdisciplinary Thinking; Strategic Communication; AI-Assisted Decision Making"
"CNC Machinist","skilled trades","Conventional","Realistic",72,69,34,"Routine Task Patterns; Partial Task Automation; Limited Creative Differentiation","Adaptability; Specialized Expertise; Human-Centered Skills","Interdisciplinary Thinking; Strategic Communication; AI-Assisted Decision Making"
"Assembly Line Operator","skilled trades","Conventional","Realistic",72,69,34,"Routine Task Patterns; Partial Task Automation; Limited Creative Differentiation","Adaptability; Specialized Expertise; Human-Centered Skills","Interdisciplinary Thinking; Strategic Communication; AI-Assisted Decision Making"
"Warehouse Equipment Operator","skilled trades","Conventional","Realistic",72,69,34,"Routine Task Patterns; Partial Task Automation; Limited Creative Differentiation","Adaptability; Specialized Expertise; Human-Centered Skills","Interdisciplinary Thinking; Strategic Communication; AI-Assisted Decision Making"
"Quality Inspection Technician","skilled trades","Conventional","Realistic",72,69,34,"Routine Task Patterns; Partial Task Automation; Limited Creative Differentiation","Adaptability; Specialized Expertise; Human-Centered Skills","Interdisciplinary Thinking; Strategic Communication; AI-Assisted Decision Making"
"Logistics Coordinator","operations/logistics","Conventional","Realistic",72,69,34,"Routine Task Patterns; Partial Task Automation; Limited Creative Differentiation","Adaptability; Specialized Expertise; Human-Centered Skills","Interdisciplinary Thinking; Strategic Communication; AI-Assisted Decision Making"
"Supply Chain Planner","operations/logistics","Conventional","Realistic",72,69,34,"Routine Task Patterns; Partial Task Automation; Limited Creative Differentiation","Adaptability; Specialized Expertise; Human-Centered Skills","Interdisciplinary Thinking; Strategic Communication; AI-Assisted Decision Making"
"Dispatch Coordinator","operations/logistics","Conventional","Realistic",72,69,34,"Routine Task Patterns; Partial Task Automation; Limited Creative Differentiation","Adaptability; Specialized Expertise; Human-Centered Skills","Interdisciplinary Thinking; Strategic Communication; AI-Assisted Decision Making"
"Inventory Planner","operations/logistics","Conventional","Realistic",72,69,34,"Routine Task Patterns; Partial Task Automation; Limited Creative Differentiation","Adaptability; Specialized Expertise; Human-Centered Skills","Interdisciplinary Thinking; Strategic Communication; AI-Assisted Decision Making"
"Procurement Analyst","operations/logistics","Conventional","Realistic",72,69,34,"Routine Task Patterns; Partial Task Automation; Limited Creative Differentiation","Adaptability; Specialized Expertise; Human-Centered Skills","Interdisciplinary Thinking; Strategic Communication; AI-Assisted Decision Making"
"Data Entry Clerk","administration/support","Conventional","Realistic",72,69,34,"Routine Task Patterns; Partial Task Automation; Limited Creative Differentiation","Adaptability; Specialized Expertise; Human-Centered Skills","Interdisciplinary Thinking; Strategic Communication; AI-Assisted Decision Making"
"Administrative Assistant","administration/support","Conventional","Realistic",72,69,34,"Routine Task Patterns; Partial Task Automation; Limited Creative Differentiation","Adaptability; Specialized Expertise; Human-Centered Skills","Interdisciplinary Thinking; Strategic Communication; AI-Assisted Decision Making"
"Receptionist","administration/support","Conventional","Realistic",72,69,34,"Routine Task Patterns; Partial Task Automation; Limited Creative Differentiation","Adaptability; Specialized Expertise; Human-Centered Skills","Interdisciplinary Thinking; Strategic Communication; AI-Assisted Decision Making"
"Scheduling Coordinator","administration/support","Conventional","Realistic",72,69,34,"Routine Task Patterns; Partial Task Automation; Limited Creative Differentiation","Adaptability; Specialized Expertise; Human-Centered Skills","Interdisciplinary Thinking; Strategic Communication; AI-Assisted Decision Making"
"Tax Accountant","finance/accounting","Conventional","Realistic",57,52,51,"Routine Task Patterns; Limited Creative Differentiation; Partial Task Automation","Specialized Expertise; Human-Centered Skills; Contextual Judgment","Interdisciplinary Thinking; Strategic Communication; AI-Assisted Decision Making"
"Audit Associate","finance/accounting","Conventional","Realistic",57,52,51,"Routine Task Patterns; Limited Creative Differentiation; Partial Task Automation","Specialized Expertise; Human-Centered Skills; Contextual Judgment","Interdisciplinary Thinking; Strategic Communication; AI-Assisted Decision Making"
"Budget Analyst","finance/accounting","Conventional","Realistic",57,52,51,"Routine Task Patterns; Limited Creative Differentiation; Partial Task Automation","Specialized Expertise; Human-Centered Skills; Contextual Judgment","Interdisciplinary Thinking; Strategic Communication; AI-Assisted Decision Making"
"Treasury Analyst","finance/accounting","Conventional","Realistic",57,52,51,"Routine Task Patterns; Limited Creative Differentiation; Partial Task Automation","Specialized Expertise; Human-Centered Skills; Contextual Judgment","Interdisciplinary Thinking; Strategic Communication; AI-Assisted Decision Making"
"Credit Analyst","finance/accounting","Conventional","Realistic",57,52,51,"Routine Task Patterns; Limited Creative Differentiation; Partial Task Automation","Specialized Expertise; Human-Centered Skills; Contextual Judgment","Interdisciplinary Thinking; Strategic Communication; AI-Assisted Decision Making"
"Revenue Operations Analyst","finance/accounting","Conventional","Realistic",57,52,51,"Routine Task Patterns; Limited Creative Differentiation; Partial Task Automation","Specialized Expertise; Human-Centered Skills; Contextual Judgment","Interdisciplinary Thinking; Strategic Communication; AI-Assisted Decision Making"
"Contract Paralegal","legal/compliance","Conventional","Realistic",57,52,51,"Routine Task Patterns; Limited Creative Differentiation; Partial Task Automation","Specialized Expertise; Human-Centered Skills; Contextual Judgment","Interdisciplinary Thinking; Strategic Communication; AI-Assisted Decision Making"
"Litigation Paralegal","legal/compliance","Conventional","Realistic",57,52,51,"Routine Task Patterns; Limited Creative Differentiation; Partial Task Automation","Specialized Expertise; Human-Centered Skills; Contextual Judgment","Interdisciplinary Thinking; Strategic Communication; AI-Assisted Decision Making"
"Regulatory Compliance Officer","legal/compliance","Conventional","Realistic",57,52,51,"Routine Task Patterns; Limited Creative Differentiation; Partial Task Automation","Specialized Expertise; Human-Centered Skills; Contextual Judgment","Interdisciplinary Thinking; Strategic Communication; AI-Assisted Decision Making"
"Corporate Governance Analyst","legal/compliance","Conventional","Realistic",57,52,51,"Routine Task Patterns; Limited Creative Differentiation; Partial Task Automation","Specialized Expertise; Human-Centered Skills; Contextual Judgment","Interdisciplinary Thinking; Strategic Communication; AI-Assisted Decision Making"
"Privacy Compliance Specialist","legal/compliance","Conventional","Realistic",57,52,51,"Routine Task Patterns; Limited Creative Differentiation; Partial Task Automation","Specialized Expertise; Human-Centered Skills; Contextual Judgment","Interdisciplinary Thinking; Strategic Communication; AI-Assisted Decision Making"
"Data Annotation Specialist","AI/data","Conventional","Realistic",57,52,51,"Routine Task Patterns; Limited Creative Differentiation; Partial Task Automation","Specialized Expertise; Human-Centered Skills; Contextual Judgment","Interdisciplinary Thinking; Strategic Communication; AI-Assisted Decision Making"
"BI Reporting Analyst","AI/data","Conventional","Realistic",57,52,51,"Routine Task Patterns; Limited Creative Differentiation; Partial Task Automation","Specialized Expertise; Human-Centered Skills; Contextual Judgment","Interdisciplinary Thinking; Strategic Communication; AI-Assisted Decision Making"
"SQL Analyst","AI/data","Conventional","Realistic",57,52,51,"Routine Task Patterns; Limited Creative Differentiation; Partial Task Automation","Specialized Expertise; Human-Centered Skills; Contextual Judgment","Interdisciplinary Thinking; Strategic Communication; AI-Assisted Decision Making"
"Data Quality Analyst","AI/data","Conventional","Realistic",57,52,51,"Routine Task Patterns; Limited Creative Differentiation; Partial Task Automation","Specialized Expertise; Human-Centered Skills; Contextual Judgment","Interdisciplinary Thinking; Strategic Communication; AI-Assisted Decision Making"
"HR Analyst","HR/people operations","Conventional","Realistic",57,52,51,"Routine Task Patterns; Limited Creative Differentiation; Partial Task Automation","Specialized Expertise; Human-Centered Skills; Contextual Judgment","Interdisciplinary Thinking; Strategic Communication; AI-Assisted Decision Making"
"Payroll HR Specialist","HR/people operations","Conventional","Realistic",57,52,51,"Routine Task Patterns; Limited Creative Differentiation; Partial Task Automation","Specialized Expertise; Human-Centered Skills; Contextual Judgment","Interdisciplinary Thinking; Strategic Communication; AI-Assisted Decision Making"
"Compensation Analyst","HR/people operations","Conventional","Realistic",57,52,51,"Routine Task Patterns; Limited Creative Differentiation; Partial Task Automation","Specialized Expertise; Human-Centered Skills; Contextual Judgment","Interdisciplinary Thinking; Strategic Communication; AI-Assisted Decision Making"
"Learning and Development Specialist","HR/people operations","Conventional","Realistic",57,52,51,"Routine Task Patterns; Limited Creative Differentiation; Partial Task Automation","Specialized Expertise; Human-Centered Skills; Contextual Judgment","Interdisciplinary Thinking; Strategic Communication; AI-Assisted Decision Making"
"Sales Development Representative","sales/customer success","Social","Enterprising",55,48,55,"Routine Task Patterns; Partial Task Automation; Industry Transformation Pace","Human-Centered Skills; Adaptability; Contextual Judgment","Interdisciplinary Thinking; Strategic Communication; AI-Assisted Decision Making"
"Inside Sales Representative","sales/customer success","Social","Enterprising",55,48,55,"Routine Task Patterns; Partial Task Automation; Industry Transformation Pace","Human-Centered Skills; Adaptability; Contextual Judgment","Interdisciplinary Thinking; Strategic Communication; AI-Assisted Decision Making"
"Sales Operations Coordinator","sales/customer success","Social","Enterprising",55,48,55,"Routine Task Patterns; Partial Task Automation; Industry Transformation Pace","Human-Centered Skills; Adaptability; Contextual Judgment","Interdisciplinary Thinking; Strategic Communication; AI-Assisted Decision Making"
"Lead Generation Specialist","sales/customer success","Social","Enterprising",55,48,55,"Routine Task Patterns; Partial Task Automation; Industry Transformation Pace","Human-Centered Skills; Adaptability; Contextual Judgment","Interdisciplinary Thinking; Strategic Communication; AI-Assisted Decision Making"
"Instructional Designer","education","Artistic","Enterprising",51,41,63,"Industry Transformation Pace; Partial Task Automation","Creative Problem-Solving; Adaptability; Strategic Thinking","Strategic Communication; AI-Assisted Decision Making; Complex Problem-Solving"
"Curriculum Designer","education","Artistic","Enterprising",51,41,63,"Industry Transformation Pace; Partial Task Automation","Creative Problem-Solving; Adaptability; Strategic Thinking","Strategic Communication; AI-Assisted Decision Making; Complex Problem-Solving"
"Learning Experience Designer","education","Artistic","Enterprising",51,41,63,"Industry Transformation Pace; Partial Task Automation","Creative Problem-Solving; Adaptability; Strategic Thinking","Strategic Communication; AI-Assisted Decision Making; Complex Problem-Solving"
"Educational Content Developer","education","Artistic","Enterprising",51,41,63,"Industry Transformation Pace; Partial Task Automation","Creative Problem-Solving; Adaptability; Strategic Thinking","Strategic Communication; AI-Assisted Decision Making; Complex Problem-Solving"
"Graphic Designer","marketing/creative","Artistic","Enterprising",51,41,63,"Industry Transformation Pace; Partial Task Automation","Creative Problem-Solving; Adaptability; Strategic Thinking","Strategic Communication; AI-Assisted Decision Making; Complex Problem-Solving"
"Marketing Copywriter","marketing/creative","Artistic","Enterprising",51,41,63,"Industry Transformation Pace; Partial Task Automation","Creative Problem-Solving; Adaptability; Strategic Thinking","Strategic Communication; AI-Assisted Decision Making; Complex Problem-Solving"
"Content Strategist","marketing/creative","Artistic","Enterprising",51,41,63,"Industry Transformation Pace; Partial Task Automation","Creative Problem-Solving; Adaptability; Strategic Thinking","Strategic Communication; AI-Assisted Decision Making; Complex Problem-Solving"
"Brand Designer","marketing/creative","Artistic","Enterprising",51,41,63,"Industry Transformation Pace; Partial Task Automation","Creative Problem-Solving; Adaptability; Strategic Thinking","Strategic Communication; AI-Assisted Decision Making; Complex Problem-Solving"
"Video Producer","marketing/creative","Artistic","Enterprising",51,41,63,"Industry Transformation Pace; Partial Task Automation","Creative Problem-Solving; Adaptability; Strategic Thinking","Strategic Communication; AI-Assisted Decision Making; Complex Problem-Solving"
"Senior Software Engineer","software/technology","Enterprising","Investigative",51,40,64,"Industry Transformation Pace; Partial Task Automation; Routine Task Patterns","Adaptability; Contextual Judgment; Strategic Thinking","Strategic Communication; AI-Assisted Decision Making; Complex Problem-Solving"
"DevOps Engineer","software/technology","Enterprising","Investigative",51,40,64,"Industry Transformation Pace; Partial Task Automation; Routine Task Patterns","Adaptability; Contextual Judgment; Strategic Thinking","Strategic Communication; AI-Assisted Decision Making; Complex Problem-Solving"
"Site Reliability Engineer","software/technology","Enterprising","Investigative",51,40,64,"Industry Transformation Pace; Partial Task Automation; Routine Task Patterns","Adaptability; Contextual Judgment; Strategic Thinking","Strategic Communication; AI-Assisted Decision Making; Complex Problem-Solving"
"Cloud Engineer","software/technology","Enterprising","Investigative",51,40,64,"Industry Transformation Pace; Partial Task Automation; Routine Task Patterns","Adaptability; Contextual Judgment; Strategic Thinking","Strategic Communication; AI-Assisted Decision Making; Complex Problem-Solving"
"Cybersecurity Engineer","software/technology","Enterprising","Investigative",51,40,64,"Industry Transformation Pace; Partial Task Automation; Routine Task Patterns","Adaptability; Contextual Judgment; Strategic Thinking","Strategic Communication; AI-Assisted Decision Making; Complex Problem-Solving"
"Solutions Architect","software/technology","Enterprising","Investigative",51,40,64,"Industry Transformation Pace; Partial Task Automation; Routine Task Patterns","Adaptability; Contextual Judgment; Strategic Thinking","Strategic Communication; AI-Assisted Decision Making; Complex Problem-Solving"
"Machine Learning Engineer","AI/data","Enterprising","Investigative",51,40,64,"Industry Transformation Pace; Partial Task Automation; Routine Task Patterns","Adaptability; Contextual Judgment; Strategic Thinking","Strategic Communication; AI-Assisted Decision Making; Complex Problem-Solving"
"Data Scientist","AI/data","Enterprising","Investigative",51,40,64,"Industry Transformation Pace; Partial Task Automation; Routine Task Patterns","Adaptability; Contextual Judgment; Strategic Thinking","Strategic Communication; AI-Assisted Decision Making; Complex Problem-Solving"
"AI Product Analyst","AI/data","Enterprising","Investigative",51,40,64,"Industry Transformation Pace; Partial Task Automation; Routine Task Patterns","Adaptability; Contextual Judgment; Strategic Thinking","Strategic Communication; AI-Assisted Decision Making; Complex Problem-Solving"
"MLOps Engineer","AI/data","Enterprising","Investigative",51,40,64,"Industry Transformation Pace; Partial Task Automation; Routine Task Patterns","Adaptability; Contextual Judgment; Strategic Thinking","Strategic Communication; AI-Assisted Decision Making; Complex Problem-Solving"
"Automation Engineer","engineering/manufacturing","Enterprising","Investigative",51,40,64,"Industry Transformation Pace; Partial Task Automation; Routine Task Patterns","Adaptability; Contextual Judgment; Strategic Thinking","Strategic Communication; AI-Assisted Decision Making; Complex Problem-Solving"
"Robotics Engineer","engineering/manufacturing","Enterprising","Investigative",51,40,64,"Industry Transformation Pace; Partial Task Automation; Routine Task Patterns","Adaptability; Contextual Judgment; Strategic Thinking","Strategic Communication; AI-Assisted Decision Making; Complex Problem-Solving"
"Digital Twin Engineer","engineering/manufacturing","Enterprising","Investigative",51,40,64,"Industry Transformation Pace; Partial Task Automation; Routine Task Patterns","Adaptability; Contextual Judgment; Strategic Thinking","Strategic Communication; AI-Assisted Decision Making; Complex Problem-Solving"
"Manufacturing Data Engineer","engineering/manufacturing","Enterprising","Investigative",51,40,64,"Industry Transformation Pace; Partial Task Automation; Routine Task Patterns","Adaptability; Contextual Judgment; Strategic Thinking","Strategic Communication; AI-Assisted Decision Making; Complex Problem-Solving"
"Digital Marketing Manager","marketing/creative","Enterprising","Investigative",51,40,64,"Industry Transformation Pace; Partial Task Automation; Routine Task Patterns","Adaptability; Contextual Judgment; Strategic Thinking","Strategic Communication; AI-Assisted Decision Making; Complex Problem-Solving"
"SEO Specialist","marketing/creative","Enterprising","Investigative",51,40,64,"Industry Transformation Pace; Partial Task Automation; Routine Task Patterns","Adaptability; Contextual Judgment; Strategic Thinking","Strategic Communication; AI-Assisted Decision Making; Complex Problem-Solving"
"Performance Marketing Analyst","marketing/creative","Enterprising","Investigative",51,40,64,"Industry Transformation Pace; Partial Task Automation; Routine Task Patterns","Adaptability; Contextual Judgment; Strategic Thinking","Strategic Communication; AI-Assisted Decision Making; Complex Problem-Solving"
"Marketing Automation Manager","marketing/creative","Enterprising","Investigative",51,40,64,"Industry Transformation Pace; Partial Task Automation; Routine Task Patterns","Adaptability; Contextual Judgment; Strategic Thinking","Strategic Communication; AI-Assisted Decision Making; Complex Problem-Solving"
"Social Media Strategist","marketing/creative","Enterprising","Investigative",51,40,64,"Industry Transformation Pace; Partial Task Automation; Routine Task Patterns","Adaptability; Contextual Judgment; Strategic Thinking","Strategic Communication; AI-Assisted Decision Making; Complex Problem-Solving"
"Database Administrator","software/technology","Realistic","Investigative",49,46,57,"Reduced Interpersonal Dependency; Industry Transformation Pace; Routine Task Patterns","Specialized Expertise; Contextual Judgment; Strategic Thinking","Strategic Communication; AI-Assisted Decision Making; Complex Problem-Solving"
"Platform Engineer","software/technology","Realistic","Investigative",49,46,57,"Reduced Interpersonal Dependency; Industry Transformation Pace; Routine Task Patterns","Specialized Expertise; Contextual Judgment; Strategic Thinking","Strategic Communication; AI-Assisted Decision Making; Complex Problem-Solving"
"Infrastructure Engineer","software/technology","Realistic","Investigative",49,46,57,"Reduced Interpersonal Dependency; Industry Transformation Pace; Routine Task Patterns","Specialized Expertise; Contextual Judgment; Strategic Thinking","Strategic Communication; AI-Assisted Decision Making; Complex Problem-Solving"
"Enterprise Architect","software/technology","Realistic","Investigative",49,46,57,"Reduced Interpersonal Dependency; Industry Transformation Pace; Routine Task Patterns","Specialized Expertise; Contextual Judgment; Strategic Thinking","Strategic Communication; AI-Assisted Decision Making; Complex Problem-Solving"
"Embedded Systems Engineer","software/technology","Realistic","Investigative",49,46,57,"Reduced Interpersonal Dependency; Industry Transformation Pace; Routine Task Patterns","Specialized Expertise; Contextual Judgment; Strategic Thinking","Strategic Communication; AI-Assisted Decision Making; Complex Problem-Solving"
"Mechanical Engineer","engineering/manufacturing","Realistic","Investigative",49,46,57,"Reduced Interpersonal Dependency; Industry Transformation Pace; Routine Task Patterns","Specialized Expertise; Contextual Judgment; Strategic Thinking","Strategic Communication; AI-Assisted Decision Making; Complex Problem-Solving"
"Electrical Engineer","engineering/manufacturing","Realistic","Investigative",49,46,57,"Reduced Interpersonal Dependency; Industry Transformation Pace; Routine Task Patterns","Specialized Expertise; Contextual Judgment; Strategic Thinking","Strategic Communication; AI-Assisted Decision Making; Complex Problem-Solving"
"Civil Engineer","engineering/manufacturing","Realistic","Investigative",49,46,57,"Reduced Interpersonal Dependency; Industry Transformation Pace; Routine Task Patterns","Specialized Expertise; Contextual Judgment; Strategic Thinking","Strategic Communication; AI-Assisted Decision Making; Complex Problem-Solving"
"Process Engineer","engineering/manufacturing","Realistic","Investigative",49,46,57,"Reduced Interpersonal Dependency; Industry Transformation Pace; Routine Task Patterns","Specialized Expertise; Contextual Judgment; Strategic Thinking","Strategic Communication; AI-Assisted Decision Making; Complex Problem-Solving"
"Manufacturing Engineer","engineering/manufacturing","Realistic","Investigative",49,46,57,"Reduced Interpersonal Dependency; Industry Transformation Pace; Routine Task Patterns","Specialized Expertise; Contextual Judgment; Strategic Thinking","Strategic Communication; AI-Assisted Decision Making; Complex Problem-Solving"
"Research Engineer","science/research","Realistic","Investigative",49,46,57,"Reduced Interpersonal Dependency; Industry Transformation Pace; Routine Task Patterns","Specialized Expertise; Contextual Judgment; Strategic Thinking","Strategic Communication; AI-Assisted Decision Making; Complex Problem-Solving"
"Laboratory Research Scientist","science/research","Realistic","Investigative",49,46,57,"Reduced Interpersonal Dependency; Industry Transformation Pace; Routine Task Patterns","Specialized Expertise; Contextual Judgment; Strategic Thinking","Strategic Communication; AI-Assisted Decision Making; Complex Problem-Solving"
"Biostatistician","science/research","Realistic","Investigative",49,46,57,"Reduced Interpersonal Dependency; Industry Transformation Pace; Routine Task Patterns","Specialized Expertise; Contextual Judgment; Strategic Thinking","Strategic Communication; AI-Assisted Decision Making; Complex Problem-Solving"
"Materials Scientist","science/research","Realistic","Investigative",49,46,57,"Reduced Interpersonal Dependency; Industry Transformation Pace; Routine Task Patterns","Specialized Expertise; Contextual Judgment; Strategic Thinking","Strategic Communication; AI-Assisted Decision Making; Complex Problem-Solving"
"Team Lead","management/leadership","Social","Realistic",45,45,57,"Routine Task Patterns; Limited Creative Differentiation","Human-Centered Skills; Contextual Judgment; Adaptability","Interdisciplinary Thinking; Strategic Communication; AI-Assisted Decision Making"
"Office Manager","management/leadership","Social","Realistic",45,45,57,"Routine Task Patterns; Limited Creative Differentiation","Human-Centered Skills; Contextual Judgment; Adaptability","Interdisciplinary Thinking; Strategic Communication; AI-Assisted Decision Making"
"Service Delivery Manager","management/leadership","Social","Realistic",45,45,57,"Routine Task Patterns; Limited Creative Differentiation","Human-Centered Skills; Contextual Judgment; Adaptability","Interdisciplinary Thinking; Strategic Communication; AI-Assisted Decision Making"
"Practice Manager","management/leadership","Social","Realistic",45,45,57,"Routine Task Patterns; Limited Creative Differentiation","Human-Centered Skills; Contextual Judgment; Adaptability","Interdisciplinary Thinking; Strategic Communication; AI-Assisted Decision Making"
"Medical Coder","healthcare","Social","Realistic",45,45,57,"Routine Task Patterns; Limited Creative Differentiation","Human-Centered Skills; Contextual Judgment; Adaptability","Interdisciplinary Thinking; Strategic Communication; AI-Assisted Decision Making"
"Health Information Manager","healthcare","Social","Realistic",45,45,57,"Routine Task Patterns; Limited Creative Differentiation","Human-Centered Skills; Contextual Judgment; Adaptability","Interdisciplinary Thinking; Strategic Communication; AI-Assisted Decision Making"
"Care Coordinator","healthcare","Social","Realistic",45,45,57,"Routine Task Patterns; Limited Creative Differentiation","Human-Centered Skills; Contextual Judgment; Adaptability","Interdisciplinary Thinking; Strategic Communication; AI-Assisted Decision Making"
"Nurse Practitioner","healthcare","Social","Realistic",45,45,57,"Routine Task Patterns; Limited Creative Differentiation","Human-Centered Skills; Contextual Judgment; Adaptability","Interdisciplinary Thinking; Strategic Communication; AI-Assisted Decision Making"
"Public Health Nurse","healthcare","Social","Realistic",45,45,57,"Routine Task Patterns; Limited Creative Differentiation","Human-Centered Skills; Contextual Judgment; Adaptability","Interdisciplinary Thinking; Strategic Communication; AI-Assisted Decision Making"
"University Lecturer","education","Social","Realistic",45,45,57,"Routine Task Patterns; Limited Creative Differentiation","Human-Centered Skills; Contextual Judgment; Adaptability","Interdisciplinary Thinking; Strategic Communication; AI-Assisted Decision Making"
"School Principal","education","Social","Realistic",45,45,57,"Routine Task Patterns; Limited Creative Differentiation","Human-Centered Skills; Contextual Judgment; Adaptability","Interdisciplinary Thinking; Strategic Communication; AI-Assisted Decision Making"
"Corporate Trainer","education","Social","Realistic",45,45,57,"Routine Task Patterns; Limited Creative Differentiation","Human-Centered Skills; Contextual Judgment; Adaptability","Interdisciplinary Thinking; Strategic Communication; AI-Assisted Decision Making"
"Education Program Manager","education","Social","Realistic",45,45,57,"Routine Task Patterns; Limited Creative Differentiation","Human-Centered Skills; Contextual Judgment; Adaptability","Interdisciplinary Thinking; Strategic Communication; AI-Assisted Decision Making"
"Procurement Specialist","operations/logistics","Social","Realistic",45,45,57,"Routine Task Patterns; Limited Creative Differentiation","Human-Centered Skills; Contextual Judgment; Adaptability","Interdisciplinary Thinking; Strategic Communication; AI-Assisted Decision Making"
"Warehouse Manager","operations/logistics","Social","Realistic",45,45,57,"Routine Task Patterns; Limited Creative Differentiation","Human-Centered Skills; Contextual Judgment; Adaptability","Interdisciplinary Thinking; Strategic Communication; AI-Assisted Decision Making"
"Distribution Manager","operations/logistics","Social","Realistic",45,45,57,"Routine Task Patterns; Limited Creative Differentiation","Human-Centered Skills; Contextual Judgment; Adaptability","Interdisciplinary Thinking; Strategic Communication; AI-Assisted Decision Making"
"Fleet Manager","operations/logistics","Social","Realistic",45,45,57,"Routine Task Patterns; Limited Creative Differentiation","Human-Centered Skills; Contextual Judgment; Adaptability","Interdisciplinary Thinking; Strategic Communication; AI-Assisted Decision Making"
"Operations Coordinator","operations/logistics","Social","Realistic",45,45,57,"Routine Task Patterns; Limited Creative Differentiation","Human-Centered Skills; Contextual Judgment; Adaptability","Interdisciplinary Thinking; Strategic Communication; AI-Assisted Decision Making"
"Case Management Assistant","administration/support","Social","Realistic",45,45,57,"Routine Task Patterns; Limited Creative Differentiation","Human-Centered Skills; Contextual Judgment; Adaptability","Interdisciplinary Thinking; Strategic Communication; AI-Assisted Decision Making"
"Project Coordinator","administration/support","Social","Realistic",45,45,57,"Routine Task Patterns; Limited Creative Differentiation","Human-Centered Skills; Contextual Judgment; Adaptability","Interdisciplinary Thinking; Strategic Communication; AI-Assisted Decision Making"
"Documentation Specialist","administration/support","Social","Realistic",45,45,57,"Routine Task Patterns; Limited Creative Differentiation","Human-Centered Skills; Contextual Judgment; Adaptability","Interdisciplinary Thinking; Strategic Communication; AI-Assisted Decision Making"
"Policy Analyst","public sector/social work","Social","Realistic",45,45,57,"Routine Task Patterns; Limited Creative Differentiation","Human-Centered Skills; Contextual Judgment; Adaptability","Interdisciplinary Thinking; Strategic Communication; AI-Assisted Decision Making"
"Public Administration Officer","public sector/social work","Social","Realistic",45,45,57,"Routine Task Patterns; Limited Creative Differentiation","Human-Centered Skills; Contextual Judgment; Adaptability","Interdisciplinary Thinking; Strategic Communication; AI-Assisted Decision Making"
"Emergency Management Coordinator","public sector/social work","Social","Realistic",45,45,57,"Routine Task Patterns; Limited Creative Differentiation","Human-Centered Skills; Contextual Judgment; Adaptability","Interdisciplinary Thinking; Strategic Communication; AI-Assisted Decision Making"
"AI Research Scientist","AI/data","Investigative","Realistic",45,41,62,"Industry Transformation Pace; Reduced Interpersonal Dependency; Routine Task Patterns","Contextual Judgment; Adaptability; Strategic Thinking","Strategic Communication; AI-Assisted Decision Making; Complex Problem-Solving"
"Applied Scientist","AI/data","Investigative","Realistic",45,41,62,"Industry Transformation Pace; Reduced Interpersonal Dependency; Routine Task Patterns","Contextual Judgment; Adaptability; Strategic Thinking","Strategic Communication; AI-Assisted Decision Making; Complex Problem-Solving"
"Quantitative Researcher","AI/data","Investigative","Realistic",45,41,62,"Industry Transformation Pace; Reduced Interpersonal Dependency; Routine Task Patterns","Contextual Judgment; Adaptability; Strategic Thinking","Strategic Communication; AI-Assisted Decision Making; Complex Problem-Solving"
"Computer Vision Engineer","AI/data","Investigative","Realistic",45,41,62,"Industry Transformation Pace; Reduced Interpersonal Dependency; Routine Task Patterns","Contextual Judgment; Adaptability; Strategic Thinking","Strategic Communication; AI-Assisted Decision Making; Complex Problem-Solving"
"Behavioral Scientist","science/research","Investigative","Realistic",45,41,62,"Industry Transformation Pace; Reduced Interpersonal Dependency; Routine Task Patterns","Contextual Judgment; Adaptability; Strategic Thinking","Strategic Communication; AI-Assisted Decision Making; Complex Problem-Solving"
"Policy Research Analyst","science/research","Investigative","Realistic",45,41,62,"Industry Transformation Pace; Reduced Interpersonal Dependency; Routine Task Patterns","Contextual Judgment; Adaptability; Strategic Thinking","Strategic Communication; AI-Assisted Decision Making; Complex Problem-Solving"
"UX Researcher","science/research","Investigative","Realistic",45,41,62,"Industry Transformation Pace; Reduced Interpersonal Dependency; Routine Task Patterns","Contextual Judgment; Adaptability; Strategic Thinking","Strategic Communication; AI-Assisted Decision Making; Complex Problem-Solving"
"Radiologist","healthcare","Investigative","Realistic",43,38,65,"Industry Transformation Pace; Reduced Interpersonal Dependency; Routine Task Patterns","Specialized Expertise; Contextual Judgment; Adaptability","Strategic Communication; AI-Assisted Decision Making; Complex Problem-Solving"
"Pharmacist","healthcare","Investigative","Realistic",43,38,65,"Industry Transformation Pace; Reduced Interpersonal Dependency; Routine Task Patterns","Specialized Expertise; Contextual Judgment; Adaptability","Strategic Communication; AI-Assisted Decision Making; Complex Problem-Solving"
"Clinical Laboratory Scientist","healthcare","Investigative","Realistic",43,38,65,"Industry Transformation Pace; Reduced Interpersonal Dependency; Routine Task Patterns","Specialized Expertise; Contextual Judgment; Adaptability","Strategic Communication; AI-Assisted Decision Making; Complex Problem-Solving"
"Anesthesiologist","healthcare","Investigative","Realistic",43,38,65,"Industry Transformation Pace; Reduced Interpersonal Dependency; Routine Task Patterns","Specialized Expertise; Contextual Judgment; Adaptability","Strategic Communication; AI-Assisted Decision Making; Complex Problem-Solving"
"Tool and Die Maker","skilled trades","Investigative","Realistic",43,38,65,"Industry Transformation Pace; Reduced Interpersonal Dependency; Routine Task Patterns","Specialized Expertise; Contextual Judgment; Adaptability","Strategic Communication; AI-Assisted Decision Making; Complex Problem-Solving"
"Instrumentation Technician","skilled trades","Investigative","Realistic",43,38,65,"Industry Transformation Pace; Reduced Interpersonal Dependency; Routine Task Patterns","Specialized Expertise; Contextual Judgment; Adaptability","Strategic Communication; AI-Assisted Decision Making; Complex Problem-Solving"
"Maintenance Technician","skilled trades","Investigative","Realistic",43,38,65,"Industry Transformation Pace; Reduced Interpersonal Dependency; Routine Task Patterns","Specialized Expertise; Contextual Judgment; Adaptability","Strategic Communication; AI-Assisted Decision Making; Complex Problem-Solving"
"Field Service Technician","skilled trades","Investigative","Realistic",43,38,65,"Industry Transformation Pace; Reduced Interpersonal Dependency; Routine Task Patterns","Specialized Expertise; Contextual Judgment; Adaptability","Strategic Communication; AI-Assisted Decision Making; Complex Problem-Solving"
"Quality Engineer","engineering/manufacturing","Investigative","Realistic",43,38,65,"Industry Transformation Pace; Reduced Interpersonal Dependency; Routine Task Patterns","Specialized Expertise; Contextual Judgment; Adaptability","Strategic Communication; AI-Assisted Decision Making; Complex Problem-Solving"
"Reliability Engineer","engineering/manufacturing","Investigative","Realistic",43,38,65,"Industry Transformation Pace; Reduced Interpersonal Dependency; Routine Task Patterns","Specialized Expertise; Contextual Judgment; Adaptability","Strategic Communication; AI-Assisted Decision Making; Complex Problem-Solving"
"Control Systems Engineer","engineering/manufacturing","Investigative","Realistic",43,38,65,"Industry Transformation Pace; Reduced Interpersonal Dependency; Routine Task Patterns","Specialized Expertise; Contextual Judgment; Adaptability","Strategic Communication; AI-Assisted Decision Making; Complex Problem-Solving"
"Industrial Engineer","engineering/manufacturing","Investigative","Realistic",43,38,65,"Industry Transformation Pace; Reduced Interpersonal Dependency; Routine Task Patterns","Specialized Expertise; Contextual Judgment; Adaptability","Strategic Communication; AI-Assisted Decision Making; Complex Problem-Solving"
"Hardware Engineer","engineering/manufacturing","Investigative","Realistic",43,38,65,"Industry Transformation Pace; Reduced Interpersonal Dependency; Routine Task Patterns","Specialized Expertise; Contextual Judgment; Adaptability","Strategic Communication; AI-Assisted Decision Making; Complex Problem-Solving"
"Clinical Research Associate","science/research","Investigative","Realistic",43,38,65,"Industry Transformation Pace; Reduced Interpersonal Dependency; Routine Task Patterns","Specialized Expertise; Contextual Judgment; Adaptability","Strategic Communication; AI-Assisted Decision Making; Complex Problem-Solving"
"Research Data Manager","science/research","Investigative","Realistic",43,38,65,"Industry Transformation Pace; Reduced Interpersonal Dependency; Routine Task Patterns","Specialized Expertise; Contextual Judgment; Adaptability","Strategic Communication; AI-Assisted Decision Making; Complex Problem-Solving"
"Environmental Scientist","science/research","Investigative","Realistic",43,38,65,"Industry Transformation Pace; Reduced Interpersonal Dependency; Routine Task Patterns","Specialized Expertise; Contextual Judgment; Adaptability","Strategic Communication; AI-Assisted Decision Making; Complex Problem-Solving"
"Electrician","skilled trades","Realistic","Investigative",41,45,57,"Routine Task Patterns; Limited Creative Differentiation; Reduced Interpersonal Dependency","Contextual Judgment; Specialized Expertise; Adaptability","Interdisciplinary Thinking; Strategic Communication; AI-Assisted Decision Making"
"HVAC Technician","skilled trades","Realistic","Investigative",41,45,57,"Routine Task Patterns; Limited Creative Differentiation; Reduced Interpersonal Dependency","Contextual Judgment; Specialized Expertise; Adaptability","Interdisciplinary Thinking; Strategic Communication; AI-Assisted Decision Making"
"Plumber","skilled trades","Realistic","Investigative",41,45,57,"Routine Task Patterns; Limited Creative Differentiation; Reduced Interpersonal Dependency","Contextual Judgment; Specialized Expertise; Adaptability","Interdisciplinary Thinking; Strategic Communication; AI-Assisted Decision Making"
"Automotive Technician","skilled trades","Realistic","Investigative",41,45,57,"Routine Task Patterns; Limited Creative Differentiation; Reduced Interpersonal Dependency","Contextual Judgment; Specialized Expertise; Adaptability","Interdisciplinary Thinking; Strategic Communication; AI-Assisted Decision Making"
"Project Manager","management/leadership","Social","Enterprising",39,31,72,"Industry Transformation Pace; Routine Task Patterns","Human-Centered Skills; Contextual Judgment; Adaptability","Strategic Communication; AI-Assisted Decision Making; Complex Problem-Solving"
"Program Manager","management/leadership","Social","Enterprising",39,31,72,"Industry Transformation Pace; Routine Task Patterns","Human-Centered Skills; Contextual Judgment; Adaptability","Strategic Communication; AI-Assisted Decision Making; Complex Problem-Solving"
"Operations Manager","management/leadership","Social","Enterprising",39,31,72,"Industry Transformation Pace; Routine Task Patterns","Human-Centered Skills; Contextual Judgment; Adaptability","Strategic Communication; AI-Assisted Decision Making; Complex Problem-Solving"
"Customer Operations Manager","management/leadership","Social","Enterprising",39,31,72,"Industry Transformation Pace; Routine Task Patterns","Human-Centered Skills; Contextual Judgment; Adaptability","Strategic Communication; AI-Assisted Decision Making; Complex Problem-Solving"
"Retail Store Manager","management/leadership","Social","Enterprising",39,31,72,"Industry Transformation Pace; Routine Task Patterns","Human-Centered Skills; Contextual Judgment; Adaptability","Strategic Communication; AI-Assisted Decision Making; Complex Problem-Solving"
"Registered Nurse","healthcare","Social","Enterprising",39,31,72,"Industry Transformation Pace; Routine Task Patterns","Human-Centered Skills; Contextual Judgment; Adaptability","Strategic Communication; AI-Assisted Decision Making; Complex Problem-Solving"
"Primary Care Physician","healthcare","Social","Enterprising",39,31,72,"Industry Transformation Pace; Routine Task Patterns","Human-Centered Skills; Contextual Judgment; Adaptability","Strategic Communication; AI-Assisted Decision Making; Complex Problem-Solving"
"Physical Therapist","healthcare","Social","Enterprising",39,31,72,"Industry Transformation Pace; Routine Task Patterns","Human-Centered Skills; Contextual Judgment; Adaptability","Strategic Communication; AI-Assisted Decision Making; Complex Problem-Solving"
"Occupational Therapist","healthcare","Social","Enterprising",39,31,72,"Industry Transformation Pace; Routine Task Patterns","Human-Centered Skills; Contextual Judgment; Adaptability","Strategic Communication; AI-Assisted Decision Making; Complex Problem-Solving"
"Clinical Social Worker","healthcare","Social","Enterprising",39,31,72,"Industry Transformation Pace; Routine Task Patterns","Human-Centered Skills; Contextual Judgment; Adaptability","Strategic Communication; AI-Assisted Decision Making; Complex Problem-Solving"
"High School Teacher","education","Social","Enterprising",39,31,72,"Industry Transformation Pace; Routine Task Patterns","Human-Centered Skills; Contextual Judgment; Adaptability","Strategic Communication; AI-Assisted Decision Making; Complex Problem-Solving"
"Elementary Teacher","education","Social","Enterprising",39,31,72,"Industry Transformation Pace; Routine Task Patterns","Human-Centered Skills; Contextual Judgment; Adaptability","Strategic Communication; AI-Assisted Decision Making; Complex Problem-Solving"
"Special Education Teacher","education","Social","Enterprising",39,31,72,"Industry Transformation Pace; Routine Task Patterns","Human-Centered Skills; Contextual Judgment; Adaptability","Strategic Communication; AI-Assisted Decision Making; Complex Problem-Solving"
"Academic Advisor","education","Social","Enterprising",39,31,72,"Industry Transformation Pace; Routine Task Patterns","Human-Centered Skills; Contextual Judgment; Adaptability","Strategic Communication; AI-Assisted Decision Making; Complex Problem-Solving"
"Account Executive","sales/customer success","Social","Enterprising",39,31,72,"Industry Transformation Pace; Routine Task Patterns","Human-Centered Skills; Contextual Judgment; Adaptability","Strategic Communication; AI-Assisted Decision Making; Complex Problem-Solving"
"Customer Success Manager","sales/customer success","Social","Enterprising",39,31,72,"Industry Transformation Pace; Routine Task Patterns","Human-Centered Skills; Contextual Judgment; Adaptability","Strategic Communication; AI-Assisted Decision Making; Complex Problem-Solving"
"Enterprise Account Manager","sales/customer success","Social","Enterprising",39,31,72,"Industry Transformation Pace; Routine Task Patterns","Human-Centered Skills; Contextual Judgment; Adaptability","Strategic Communication; AI-Assisted Decision Making; Complex Problem-Solving"
"Solutions Consultant","sales/customer success","Social","Enterprising",39,31,72,"Industry Transformation Pace; Routine Task Patterns","Human-Centered Skills; Contextual Judgment; Adaptability","Strategic Communication; AI-Assisted Decision Making; Complex Problem-Solving"
"HR Generalist","HR/people operations","Social","Enterprising",39,31,72,"Industry Transformation Pace; Routine Task Patterns","Human-Centered Skills; Contextual Judgment; Adaptability","Strategic Communication; AI-Assisted Decision Making; Complex Problem-Solving"
"Talent Acquisition Partner","HR/people operations","Social","Enterprising",39,31,72,"Industry Transformation Pace; Routine Task Patterns","Human-Centered Skills; Contextual Judgment; Adaptability","Strategic Communication; AI-Assisted Decision Making; Complex Problem-Solving"
"People Operations Manager","HR/people operations","Social","Enterprising",39,31,72,"Industry Transformation Pace; Routine Task Patterns","Human-Centered Skills; Contextual Judgment; Adaptability","Strategic Communication; AI-Assisted Decision Making; Complex Problem-Solving"
"Executive Assistant","administration/support","Social","Enterprising",39,31,72,"Industry Transformation Pace; Routine Task Patterns","Human-Centered Skills; Contextual Judgment; Adaptability","Strategic Communication; AI-Assisted Decision Making; Complex Problem-Solving"
"Client Services Coordinator","administration/support","Social","Enterprising",39,31,72,"Industry Transformation Pace; Routine Task Patterns","Human-Centered Skills; Contextual Judgment; Adaptability","Strategic Communication; AI-Assisted Decision Making; Complex Problem-Solving"
"Office Administrator","administration/support","Social","Enterprising",39,31,72,"Industry Transformation Pace; Routine Task Patterns","Human-Centered Skills; Contextual Judgment; Adaptability","Strategic Communication; AI-Assisted Decision Making; Complex Problem-Solving"
"Financial Controller","finance/accounting","Enterprising","Social",35,27,76,"Moderate Structural Shift; Tool-Assisted Workflows","Strategic Thinking; Human-Centered Skills; Contextual Judgment","Strategic Communication; AI-Assisted Decision Making; Complex Problem-Solving"
"Finance Manager","finance/accounting","Enterprising","Social",35,27,76,"Moderate Structural Shift; Tool-Assisted Workflows","Strategic Thinking; Human-Centered Skills; Contextual Judgment","Strategic Communication; AI-Assisted Decision Making; Complex Problem-Solving"
"FP&A Manager","finance/accounting","Enterprising","Social",35,27,76,"Moderate Structural Shift; Tool-Assisted Workflows","Strategic Thinking; Human-Centered Skills; Contextual Judgment","Strategic Communication; AI-Assisted Decision Making; Complex Problem-Solving"
"Risk Manager","finance/accounting","Enterprising","Social",35,27,76,"Moderate Structural Shift; Tool-Assisted Workflows","Strategic Thinking; Human-Centered Skills; Contextual Judgment","Strategic Communication; AI-Assisted Decision Making; Complex Problem-Solving"
"Corporate Lawyer","legal/compliance","Enterprising","Social",35,27,76,"Moderate Structural Shift; Tool-Assisted Workflows","Strategic Thinking; Human-Centered Skills; Contextual Judgment","Strategic Communication; AI-Assisted Decision Making; Complex Problem-Solving"
"Employment Lawyer","legal/compliance","Enterprising","Social",35,27,76,"Moderate Structural Shift; Tool-Assisted Workflows","Strategic Thinking; Human-Centered Skills; Contextual Judgment","Strategic Communication; AI-Assisted Decision Making; Complex Problem-Solving"
"General Counsel","legal/compliance","Enterprising","Social",35,27,76,"Moderate Structural Shift; Tool-Assisted Workflows","Strategic Thinking; Human-Centered Skills; Contextual Judgment","Strategic Communication; AI-Assisted Decision Making; Complex Problem-Solving"
"Chief Compliance Officer","legal/compliance","Enterprising","Social",35,27,76,"Moderate Structural Shift; Tool-Assisted Workflows","Strategic Thinking; Human-Centered Skills; Contextual Judgment","Strategic Communication; AI-Assisted Decision Making; Complex Problem-Solving"
"Product Manager","management/leadership","Enterprising","Social",35,27,76,"Moderate Structural Shift; Tool-Assisted Workflows","Strategic Thinking; Human-Centered Skills; Contextual Judgment","Strategic Communication; AI-Assisted Decision Making; Complex Problem-Solving"
"Director of Operations","management/leadership","Enterprising","Social",35,27,76,"Moderate Structural Shift; Tool-Assisted Workflows","Strategic Thinking; Human-Centered Skills; Contextual Judgment","Strategic Communication; AI-Assisted Decision Making; Complex Problem-Solving"
"Chief of Staff","management/leadership","Enterprising","Social",35,27,76,"Moderate Structural Shift; Tool-Assisted Workflows","Strategic Thinking; Human-Centered Skills; Contextual Judgment","Strategic Communication; AI-Assisted Decision Making; Complex Problem-Solving"
"Strategy Manager","management/leadership","Enterprising","Social",35,27,76,"Moderate Structural Shift; Tool-Assisted Workflows","Strategic Thinking; Human-Centered Skills; Contextual Judgment","Strategic Communication; AI-Assisted Decision Making; Complex Problem-Solving"
"Business Unit Director","management/leadership","Enterprising","Social",35,27,76,"Moderate Structural Shift; Tool-Assisted Workflows","Strategic Thinking; Human-Centered Skills; Contextual Judgment","Strategic Communication; AI-Assisted Decision Making; Complex Problem-Solving"
"Sales Manager","sales/customer success","Enterprising","Social",35,27,76,"Moderate Structural Shift; Tool-Assisted Workflows","Strategic Thinking; Human-Centered Skills; Contextual Judgment","Strategic Communication; AI-Assisted Decision Making; Complex Problem-Solving"
"Partnerships Manager","sales/customer success","Enterprising","Social",35,27,76,"Moderate Structural Shift; Tool-Assisted Workflows","Strategic Thinking; Human-Centered Skills; Contextual Judgment","Strategic Communication; AI-Assisted Decision Making; Complex Problem-Solving"
"Channel Manager","sales/customer success","Enterprising","Social",35,27,76,"Moderate Structural Shift; Tool-Assisted Workflows","Strategic Thinking; Human-Centered Skills; Contextual Judgment","Strategic Communication; AI-Assisted Decision Making; Complex Problem-Solving"
"Customer Success Director","sales/customer success","Enterprising","Social",35,27,76,"Moderate Structural Shift; Tool-Assisted Workflows","Strategic Thinking; Human-Centered Skills; Contextual Judgment","Strategic Communication; AI-Assisted Decision Making; Complex Problem-Solving"
"Creative Director","marketing/creative","Enterprising","Social",35,27,76,"Moderate Structural Shift; Tool-Assisted Workflows","Strategic Thinking; Human-Centered Skills; Contextual Judgment","Strategic Communication; AI-Assisted Decision Making; Complex Problem-Solving"
"Brand Manager","marketing/creative","Enterprising","Social",35,27,76,"Moderate Structural Shift; Tool-Assisted Workflows","Strategic Thinking; Human-Centered Skills; Contextual Judgment","Strategic Communication; AI-Assisted Decision Making; Complex Problem-Solving"
"Communications Director","marketing/creative","Enterprising","Social",35,27,76,"Moderate Structural Shift; Tool-Assisted Workflows","Strategic Thinking; Human-Centered Skills; Contextual Judgment","Strategic Communication; AI-Assisted Decision Making; Complex Problem-Solving"
"Product Marketing Manager","marketing/creative","Enterprising","Social",35,27,76,"Moderate Structural Shift; Tool-Assisted Workflows","Strategic Thinking; Human-Centered Skills; Contextual Judgment","Strategic Communication; AI-Assisted Decision Making; Complex Problem-Solving"
"HR Business Partner","HR/people operations","Enterprising","Social",35,27,76,"Moderate Structural Shift; Tool-Assisted Workflows","Strategic Thinking; Human-Centered Skills; Contextual Judgment","Strategic Communication; AI-Assisted Decision Making; Complex Problem-Solving"
"Head of People","HR/people operations","Enterprising","Social",35,27,76,"Moderate Structural Shift; Tool-Assisted Workflows","Strategic Thinking; Human-Centered Skills; Contextual Judgment","Strategic Communication; AI-Assisted Decision Making; Complex Problem-Solving"
"Organizational Development Manager","HR/people operations","Enterprising","Social",35,27,76,"Moderate Structural Shift; Tool-Assisted Workflows","Strategic Thinking; Human-Centered Skills; Contextual Judgment","Strategic Communication; AI-Assisted Decision Making; Complex Problem-Solving"
"Supply Chain Manager","operations/logistics","Enterprising","Social",35,27,76,"Moderate Structural Shift; Tool-Assisted Workflows","Strategic Thinking; Human-Centered Skills; Contextual Judgment","Strategic Communication; AI-Assisted Decision Making; Complex Problem-Solving"
"Procurement Manager","operations/logistics","Enterprising","Social",35,27,76,"Moderate Structural Shift; Tool-Assisted Workflows","Strategic Thinking; Human-Centered Skills; Contextual Judgment","Strategic Communication; AI-Assisted Decision Making; Complex Problem-Solving"
"Director of Logistics","operations/logistics","Enterprising","Social",35,27,76,"Moderate Structural Shift; Tool-Assisted Workflows","Strategic Thinking; Human-Centered Skills; Contextual Judgment","Strategic Communication; AI-Assisted Decision Making; Complex Problem-Solving"
"Fulfillment Operations Manager","operations/logistics","Enterprising","Social",35,27,76,"Moderate Structural Shift; Tool-Assisted Workflows","Strategic Thinking; Human-Centered Skills; Contextual Judgment","Strategic Communication; AI-Assisted Decision Making; Complex Problem-Solving"
"City Planner","public sector/social work","Enterprising","Social",35,27,76,"Moderate Structural Shift; Tool-Assisted Workflows","Strategic Thinking; Human-Centered Skills; Contextual Judgment","Strategic Communication; AI-Assisted Decision Making; Complex Problem-Solving"
"Public Health Program Manager","public sector/social work","Enterprising","Social",35,27,76,"Moderate Structural Shift; Tool-Assisted Workflows","Strategic Thinking; Human-Centered Skills; Contextual Judgment","Strategic Communication; AI-Assisted Decision Making; Complex Problem-Solving"
"Nonprofit Program Director","public sector/social work","Enterprising","Social",35,27,76,"Moderate Structural Shift; Tool-Assisted Workflows","Strategic Thinking; Human-Centered Skills; Contextual Judgment","Strategic Communication; AI-Assisted Decision Making; Complex Problem-Solving"
"Social Worker","public sector/social work","Social","Realistic",34,34,68,"Routine Task Patterns; Limited Creative Differentiation","Human-Centered Skills; Contextual Judgment; Specialized Expertise","Interdisciplinary Thinking; Strategic Communication; AI-Assisted Decision Making"
"Case Worker","public sector/social work","Social","Realistic",34,34,68,"Routine Task Patterns; Limited Creative Differentiation","Human-Centered Skills; Contextual Judgment; Specialized Expertise","Interdisciplinary Thinking; Strategic Communication; AI-Assisted Decision Making"
"Community Outreach Coordinator","public sector/social work","Social","Realistic",34,34,68,"Routine Task Patterns; Limited Creative Differentiation","Human-Centered Skills; Contextual Judgment; Specialized Expertise","Interdisciplinary Thinking; Strategic Communication; AI-Assisted Decision Making"
"School Counselor","public sector/social work","Social","Realistic",34,34,68,"Routine Task Patterns; Limited Creative Differentiation","Human-Centered Skills; Contextual Judgment; Specialized Expertise","Interdisciplinary Thinking; Strategic Communication; AI-Assisted Decision Making"